block,plot,n,Order,T_mean,SPEI_mean,P_mean,Driest,miu_mix,miu_mono,evenness_mix,evenness_mono,CorS_mono,cov.mono,NBE.F,SE,CE,CV.mix,CV.mono,CV.avg,CVS.mix,CVS.mono,phi.mix,phi.mono,AE.SpVar,SE.SpVar,AE.Syn,SE.Syn,Richness,NIIE,NIDE,NBE,NIDE.SpVar,NIDE.Syn,NIIE.Syn,NIIE.SpVar
B1,B1A01,15,1,9.781826021,0.518395017,524.6,-0.623814083,618.8020833,205.9617969,0.786354904,0.949039262,0.396742304,-0.843828046,3.00445079,0.24954814,1.754902649,0.226508681,0.348266341,0.574312989,0.934571385,0.516954814,0.242366377,0.673688166,0.843452472,-0.035612872,-1.21774548,0.347173083,16,0.606405127,0.650389241,0.39439937,1.8078396,0.359760479,0.673688166,0.900127325
B1,B1A01,15,2,9.743528589,0.481813883,543.3,-0.623814083,602.57475,162.6606594,0.731899155,0.939928975,0.469615914,0.076006313,3.704489778,0.300046443,2.404443335,0.25736724,0.52736826,0.624888039,0.796355061,0.631429808,0.32318152,0.835196967,0.183391982,0.077801347,-0.809279505,-0.040988289,16,0.843940397,0.488021861,0.411861363,1.261193329,0.38695246,0.835196967,1.010468705
B1,B1A01,15,3,9.733660157,0.201212317,553.4,-0.623814083,605.8614167,120.3801906,0.688632956,0.951779961,0.189232274,0.047280373,5.032899628,0.631664577,3.401235051,0.249899972,0.423966205,0.665569329,0.677065182,0.671067951,0.36909293,0.631778353,-0.030068171,0.039005016,-0.614388581,-0.044306954,16,0.63699781,0.589433707,0.37546798,1.008936845,0.584212688,0.631778353,1.008261532
B1,B1A01,15,4,9.519113581,0.1530159,594.28,-0.623814083,568.3245833,107.7887844,0.64467589,0.956772666,0.257654409,-0.181472142,5.272576239,1.2733269,2.999249339,0.324952644,0.460849211,0.7566068,0.658274643,0.733036537,0.493642962,0.628685185,-0.113070151,0.011080835,-0.212606724,-0.170855849,16,0.609100012,0.705117067,0.429486814,0.898010685,0.785198973,0.628685185,0.968847408
B1,B1A01,15,5,9.507727826,0.469598267,593.18,-0.623814083,538.1873333,86.37172188,0.604313826,0.941738086,0.133470546,-0.355563396,6.231059445,2.01351329,3.217546155,0.296456169,0.346424973,0.811942867,0.555068596,0.754309565,0.534089248,0.45926101,-0.223512028,-0.040624844,0.003400147,0.349010301,16,0.42666176,0.855758656,0.365119494,0.735863128,1.162931833,0.45926101,0.929018032
B1,B1A01,15,6,9.336048779,0.484303917,549.74,-0.550285833,494.0213333,79.93845625,0.636952102,0.912244655,-0.003578558,-0.487079486,6.180020938,2.129714563,3.050306375,0.177597245,0.220502635,0.806191187,0.608905869,0.720886652,0.291666174,0.305876984,-0.17713447,0.021796897,-1.305833784,1.215073782,16,0.273511592,0.80542006,0.220291723,0.844662427,0.953540769,0.305876984,0.894188207
B1,B1A01,15,7,9.195238759,0.102059667,540.84,-0.550285833,517.4737667,84.47839375,0.653672797,0.903253245,-0.026968473,-0.959180104,6.125516167,1.981565999,3.143950168,0.178620979,0.138879092,0.809658467,0.614011003,0.650700408,0.290908434,0.21343016,-0.050652431,-0.005732049,-0.593025315,1.450834238,16,0.171527994,1.286161772,0.220612748,0.943615519,1.363014645,0.21343016,0.803672703
B1,B1A01,15,8,9.413262924,0.1212659,533.94,-0.550285833,506.8191,86.81343313,0.642084645,0.883822431,-0.021584697,-1.381636808,5.838026233,1.32711632,3.510909914,0.199627316,0.137936521,0.84960639,0.620770076,0.626796225,0.32158012,0.220065973,-0.031029237,0.02141503,-0.649550462,1.784917781,16,0.162353442,1.447240467,0.234964471,0.990385793,1.461289608,0.220065973,0.737748954
B1,B1A01,15,9,9.874044512,-0.23300125,489.06,-1.2581535,496.9621,80.40293313,0.644921209,0.86238442,0.025346955,-1.215465873,6.180895157,0.247905648,4.93298951,0.238030843,0.231489573,0.809737093,0.599162221,0.598096528,0.397272783,0.387043834,-0.107332157,0.109113965,-0.429892718,0.48344798,16,0.285882387,1.0282573,0.293960651,1.001781809,1.026428401,0.387043834,0.738630517
B1,B1A01,15,10,9.902422496,-0.753896933,465.3,-1.549352083,460.1431,71.38399563,0.633900033,0.853396592,0.20391435,-1.263188854,6.446026115,-0.129544967,5.575571082,0.237634578,0.425425693,0.944351338,0.654361377,0.696611718,0.363154957,0.610707059,-0.202446134,0.141794929,-0.72659276,0.080197497,16,0.450495145,0.558580692,0.25163789,0.939348794,0.594646733,0.610707059,0.737661599
B1,B1A01,15,11,10.07977113,-0.66072695,479.18,-1.549352083,397.9711,64.77568313,0.612695886,0.832700178,0.166062004,-1.272587149,6.143834859,-0.076311653,5.220146512,0.305163108,0.381708028,0.983656819,0.640104107,0.708611938,0.476739807,0.53867005,-0.019646129,-0.077032783,0.042756215,-0.259475969,16,0.388049999,0.799467358,0.310233307,0.903321089,0.885031212,0.53867005,0.720385325
B1,B1A01,15,12,10.40158828,-0.659007883,433.66,-1.549352083,366.063,57.14394563,0.587219046,0.807102861,0.153471028,-0.935795659,6.405980476,-3.690997044,9.096977521,0.201014182,0.444199959,1.032801399,0.577349428,0.80353583,0.348167283,0.552806661,-0.141645642,-0.13984324,-0.98281018,0.379480203,16,0.430092329,0.452530842,0.194630044,0.718511119,0.629817452,0.552806661,0.778015822
B1,B1A01,15,13,10.44274379,-0.63677245,405.7,-1.549352083,302.719,45.9724375,0.581229857,0.834636923,0.103227664,-0.50838748,6.584793334,1.10017752,4.484615814,0.425933455,0.365128592,0.98514378,0.699301372,0.83032439,0.609084254,0.439742101,-0.056132472,-0.101664914,-0.425186785,1.343672861,16,0.370634824,1.166529996,0.43235664,0.842202614,1.385094248,0.439742101,0.842845894
B1,B1A01,15,14,10.50580274,-0.40832675,433.38,-1.549352083,244.7509,42.91875,0.552135871,0.85104218,0.135660752,-0.251442685,5.702656764,1.294072353,3.408584411,0.710346269,0.375794197,0.992865605,0.863666515,0.910845565,0.822477492,0.412577293,-0.03049084,-0.021306141,0.85798279,2.116104479,16,0.378494527,1.890253426,0.715450576,0.94820302,1.993511291,0.412577293,0.917390592
B1,B1A01,15,15,10.3969538,-0.071427333,478.2,-0.440715583,253.3915,50.382375,0.589174385,0.841595099,0.083543378,-0.403944126,5.029367909,0.186724013,3.842643896,0.729187269,0.318004652,1.007306102,1.086837679,0.895060147,0.670925644,0.355288584,0.044170917,0.170091255,1.36509642,1.200944126,16,0.31569813,2.29300818,0.723898394,1.214262172,1.888396289,0.355288584,0.888568178
B1,B1A02,5,1,9.781826021,0.518395017,524.6,-0.623814083,303.255196,249.5275,0.721933321,0.970640593,0.554949014,1.955886479,1.215317735,-0.097528094,0.312845829,0.258578751,0.339373583,0.37771992,0.549829416,0.409073362,0.470289045,0.829615454,0.495705501,-0.151620385,-0.849829465,0.171177802,8,0.898479442,0.761929521,0.68457801,1.344085116,0.566875945,0.829615454,1.083007117
B1,B1A02,5,2,9.743528589,0.481813883,543.3,-0.623814083,301.0068627,210.389375,0.811168559,0.977581948,0.756947063,1.418907487,1.430713232,-0.048130649,0.478843881,0.269312581,0.434528601,0.450808797,0.740030137,0.477785587,0.3639211,0.909463602,0.691543348,-0.142668379,-0.873803528,0.033922881,8,0.963886693,0.619781024,0.597398682,1.548874969,0.400149164,0.909463602,1.059840868
B1,B1A02,5,3,9.733660157,0.201212317,553.4,-0.623814083,242.57775,164.35,0.86476526,0.973179513,0.229122346,-0.578722114,1.475982659,-0.056118792,0.532101451,0.290877578,0.235814044,0.435481605,0.698189446,0.421396491,0.416616979,0.559601347,0.72981132,-0.072964476,-0.63192813,0.186191819,8,0.541501734,1.233504047,0.66794458,1.656846844,0.744488878,0.559601347,0.967656237
B1,B1A02,5,4,9.519113581,0.1530159,594.28,-0.623814083,206.69825,156.43225,0.872750415,0.959091574,0.16480481,-1.644062515,1.321327604,-0.063030252,0.384357855,0.335942402,0.271670473,0.536317666,0.641787975,0.4942787,0.523447641,0.549630144,0.310502782,-0.012069378,-0.408574729,0.315570803,8,0.506547687,1.236580471,0.626386977,1.298433405,0.952363415,0.549630144,0.921615548
B1,B1A02,5,5,9.507727826,0.469598267,593.18,-0.623814083,170.0355,139.1845,0.838592091,0.96566645,-0.001331499,-0.819869705,1.221655429,0.020766933,0.200888496,0.341658944,0.234047158,0.567593452,0.659793901,0.544031354,0.517826769,0.43020895,0.275571814,-0.062785279,0.138336806,0.310468781,8,0.412349996,1.459786768,0.601943068,1.212786535,1.203663403,0.43020895,0.958487721
B1,B1A02,5,6,9.336048779,0.484303917,549.74,-0.550285833,166.1063333,137.490625,0.64434953,0.954418794,-0.070182142,-0.646461654,1.208128433,0.144755524,0.063372909,0.314844497,0.20968055,0.571190709,0.581252013,0.55238327,0.541666075,0.379592506,0.19163275,-0.139370589,0.32121691,0.715018626,8,0.367093768,1.501543643,0.551207314,1.052262161,1.426967251,0.379592506,0.967073275
B1,B1A02,5,7,9.195238759,0.102059667,540.84,-0.550285833,164.8189667,142.234375,0.550745563,0.942858028,-0.089743145,-0.328169655,1.158784342,0.163473705,-0.004689363,0.307316827,0.190744153,0.474163072,0.622510492,0.464934089,0.493673329,0.410260632,0.466292672,-0.127370646,-1.177142686,1.625112936,8,0.402275429,1.611146772,0.648124759,1.338922026,1.203316355,0.410260632,0.980536268
B1,B1A02,5,8,9.413262924,0.1212659,533.94,-0.550285833,252.4884,151.3163875,0.387601074,0.932456842,-0.036741443,0.55317116,1.668612397,0.122378341,0.546234056,0.73900075,0.199614609,0.35830946,0.871076094,0.372932361,0.848376801,0.535256871,1.586028429,-0.250280225,0.707738233,0.80445514,8,0.557101141,3.7021376,2.062465082,2.335748204,1.584990023,0.535256871,1.040810816
B1,B1A02,5,9,9.874044512,-0.23300125,489.06,-1.2581535,313.9857,146.4677625,0.272123334,0.946460165,0.175676752,1.293796885,2.143718827,0.185785048,0.957933779,0.603628273,0.250485916,0.311553641,0.710658067,0.346886929,0.849393402,0.722096729,1.343917717,-0.295244192,-0.093268134,0.476920568,8,0.803989693,2.409829191,1.937477831,2.048673525,1.176287564,0.722096729,1.113409964
B1,B1A02,5,10,9.902422496,-0.753896933,465.3,-1.549352083,333.6527,141.6728875,0.195912743,0.943885962,0.122992256,-0.706119842,2.355092113,0.220099431,1.134992683,0.501058803,0.295674922,0.476510869,0.551922798,0.456574243,0.907842192,0.647594399,0.506181476,-0.297346753,-0.115204068,1.080439377,8,0.620499849,1.694627327,1.051516001,1.208834723,1.401868506,0.647594399,0.958161236
B1,B1A02,5,11,10.07977113,-0.66072695,479.18,-1.549352083,364.3417,126.1845125,0.175655617,0.959878774,0.074220886,-0.436773015,2.887372569,0.312182164,1.575190405,0.426957917,0.268002796,0.510159259,0.476195242,0.496313724,0.896602653,0.539986671,0.550602169,-0.591137986,-0.174398226,1.931380408,8,0.525331631,1.593109938,0.836911043,0.959464183,1.660416268,0.539986671,0.972860367
B1,B1A02,5,12,10.40158828,-0.659007883,433.66,-1.549352083,398.4414,112.0045125,0.146568621,0.947051485,0.082819975,-0.609557355,3.557369173,0.708795315,1.848573858,0.3298458,0.348984615,0.583909568,0.364704162,0.562140539,0.904420171,0.620813818,0.27078078,-0.622003231,0.288936018,0.833417519,8,0.597668944,0.945158573,0.564891926,0.648777549,1.456829962,0.620813818,0.962718493
B1,B1A02,5,13,10.44274379,-0.63677245,405.7,-1.549352083,357.7553,92.938125,0.066567461,0.929075813,-0.110845727,-2.43320035,3.84939227,1.505637505,1.343754765,0.243574931,0.165215893,0.542673625,0.257782708,0.437950172,0.944884677,0.377248152,0.076696163,-0.488084205,0.367979781,4.905425859,8,0.304447987,1.474282689,0.448842398,0.588611958,2.504676754,0.377248152,0.807023138
B1,B1A02,5,14,10.50580274,-0.40832675,433.38,-1.549352083,316.874,84.78825,0.144223053,0.87813821,0.136984311,-4.409787169,3.737239535,1.658144794,1.079094741,0.266238499,0.236986555,0.638251989,0.380736329,0.430214334,0.699272644,0.550856948,0.362790286,-0.477798088,-0.119474832,0.730919557,8,0.371305628,1.123432927,0.417136968,0.884992198,1.269426928,0.550856948,0.67405091
B1,B1A02,5,15,10.3969538,-0.071427333,478.2,-0.440715583,345.16,82.4755,0.134064924,0.832510631,0.234589706,-6.466374522,4.185000394,2.129321381,1.055679013,0.174287701,0.228181433,0.656877603,0.307165712,0.34326328,0.567406108,0.664741749,0.578096666,-0.683256671,-0.661636255,0.390224401,8,0.347372832,0.76381193,0.265327513,0.894839995,0.85357375,0.664741749,0.522568099
B1,B1A03,5,1,9.781826021,0.518395017,524.6,-0.623814083,350.8190044,107.5351969,0.413158596,0.891292515,0.152745502,-1.299133662,3.262364459,1.201669755,1.060694705,0.394054888,0.317787218,0.681461641,0.442150565,0.633137606,0.891223304,0.501924409,-0.211637374,-0.090014334,-0.25346237,2.406262475,8,0.466331778,1.239996026,0.578249551,0.698348292,1.7756126,0.501924409,0.929087666
B1,B1A03,5,2,9.743528589,0.481813883,543.3,-0.623814083,350.626671,89.66172188,0.433024864,0.911766521,0.375821247,-0.201990392,3.910550274,1.250802773,1.659747501,0.394793126,0.571661849,0.825777518,0.475939833,0.816766297,0.829502172,0.699908714,-0.455075554,0.037787934,-0.479589895,0.884188569,8,0.692271025,0.69060604,0.478086551,0.58271238,1.185157658,0.699908714,0.989087593
B1,B1A03,5,3,9.733660157,0.201212317,553.4,-0.623814083,349.4403333,69.85349375,0.456310451,0.870111684,0.168217062,0.563107565,5.002474673,1.259749187,2.742725486,0.399065083,0.443240698,0.635359954,0.480703039,0.667605017,0.83016967,0.663926554,-0.258187856,-0.021771061,0.500839964,0.062644777,8,0.697621396,0.900334931,0.628092911,0.720041083,1.250393835,0.663926554,1.050750857
B1,B1A03,5,4,9.519113581,0.1530159,594.28,-0.623814083,332.8716667,63.35699375,0.524080993,0.879551303,0.266945261,0.341833329,5.253905638,1.244620371,3.009285267,0.474906419,0.491312387,0.670693909,0.603072808,0.69227532,0.787477752,0.709706634,-0.137064029,0.00820993,0.213134621,0.018037738,8,0.732543386,0.966607868,0.7080822,0.871145901,1.109582065,0.709706634,1.032177735
B1,B1A03,5,5,9.507727826,0.469598267,593.18,-0.623814083,263.682,47.5890875,0.608240755,0.879745688,0.323989981,-0.12522433,5.540808069,1.106982299,3.433825769,0.582542077,0.501796735,0.779276961,0.807911585,0.768751495,0.721046818,0.652742451,-0.063761961,0.114701817,0.209984411,0.010249846,8,0.64392605,1.160912451,0.747541769,1.050939855,1.10464214,0.652742451,0.986493293
B1,B1A03,5,6,9.336048779,0.484303917,549.74,-0.550285833,193.227,39.45265,0.819061356,0.821907941,-0.030315657,0.641309924,4.897693817,-1.023166381,4.920860199,0.269523779,0.443238257,0.692124692,0.895517042,0.757145412,0.300970017,0.585407044,0.168039095,0.014715272,-0.468359482,-0.267320182,8,0.640402318,0.608078781,0.389415061,1.182754367,0.514120935,0.585407044,1.09394365
B1,B1A03,5,7,9.195238759,0.102059667,540.84,-0.550285833,225.5373333,46.62375,0.893900127,0.847198701,0.020643347,-0.484103018,4.83739153,-0.569232478,4.406624008,0.487866102,0.329958178,0.787253429,0.950223774,0.745720689,0.513422328,0.442468853,0.18296257,0.091272928,0.573970032,-0.227539057,8,0.419125743,1.478569511,0.619706544,1.274235498,1.160358123,0.442468853,0.947243495
B1,B1A03,5,8,9.413262924,0.1212659,533.94,-0.550285833,213.7204,42.58810625,0.87249374,0.905009403,0.048530051,0.485401863,5.018311891,0.341889732,3.676422159,0.513636406,0.281258463,0.804411758,0.743724675,0.850002126,0.690627087,0.330891481,-0.12114582,-0.003886164,2.548235645,0.808046926,8,0.349644893,1.826207825,0.638524239,0.874968016,2.087170949,0.330891481,1.056675413
B1,B1A03,5,9,9.874044512,-0.23300125,489.06,-1.2581535,199.2804,34.44128125,0.842194177,0.887367071,-0.084890323,1.412651511,5.786091364,0.4240027,4.362088664,0.610878964,0.527364627,0.810853351,0.72634505,0.974918271,0.841031358,0.54093214,-0.242980967,-0.011987299,1.453280522,-0.035934587,8,0.65038225,1.158361658,0.753377861,0.745031734,1.554781636,0.54093214,1.202336118
B1,B1A03,5,10,9.902422496,-0.753896933,465.3,-1.549352083,181.5964,30.47403125,0.842161624,0.877513175,0.04924237,1.294823592,5.959054072,0.295662838,4.663391234,0.764962518,0.726872038,0.952986608,0.865538147,1.122944246,0.883799889,0.647291297,-0.250827107,0.021602815,0.970731667,-0.106463649,8,0.76273059,1.052403282,0.802700176,0.770775709,1.365382005,0.647291297,1.178342105
B1,B1A03,5,11,10.07977113,-0.66072695,479.18,-1.549352083,161.2184,26.81028125,0.816759218,0.878203996,0.113709256,0.221538205,6.013305064,-0.55566635,5.568971414,0.918339086,0.838604433,1.217055745,0.994881082,1.250108469,0.923064176,0.670825335,-0.459206294,0.255042101,0.886457893,0.006953037,8,0.689043568,1.095080172,0.754557949,0.795835807,1.376012692,0.670825335,1.027157937
B1,B1A03,5,12,10.40158828,-0.659007883,433.66,-1.549352083,104.3064,16.53653125,0.714222304,0.760371836,-0.055034731,0.150575664,6.307634801,-82.17779817,87.48543297,0.544101213,0.965692664,1.318569148,0.92433571,1.354991699,0.588640261,0.712692679,-0.600231931,0.282402686,0.248359068,-0.566184805,8,0.732379235,0.563431031,0.412645187,0.682170755,0.825938414,0.712692679,1.027622784
B1,B1A03,5,13,10.44274379,-0.63677245,405.7,-1.549352083,68.195,9.665925,0.566201872,0.806512469,0.054700971,-0.69104115,7.055196476,-73.3039526,79.35914907,0.626279347,0.50213135,1.103306705,1.050165248,0.817336702,0.596362666,0.614350669,-0.965434956,1.250297418,-0.04101797,-0.016684128,8,0.455114926,1.247242076,0.567638485,1.284862463,0.9707203,0.614350669,0.740806431
B1,B1A03,5,14,10.50580274,-0.40832675,433.38,-1.549352083,50.816,8.873275,0.487248749,0.835207711,-0.052456013,-0.46048481,5.726859587,-14.6762234,19.40308299,0.928566751,0.596648361,1.176387738,1.249516956,0.968804941,0.743140577,0.615860154,-0.703864869,0.993615677,0.222654199,0.23340066,8,0.507186824,1.556304874,0.789337326,1.289750808,1.206670982,0.615860154,0.823542196
B1,B1A03,5,15,10.3969538,-0.071427333,478.2,-0.440715583,44.621,11.715275,0.507668286,0.904350853,-0.009408183,-0.183172399,3.808788099,-3.763877318,6.572665418,1.122622614,0.605700943,1.089562111,1.457203779,1.027020719,0.770395074,0.589765066,0.134141314,0.284723711,-0.233210771,0.939563873,8,0.555912267,1.85342722,1.030342927,1.418865026,1.306274513,0.589765066,0.942599517
B1,B1A06,12,1,9.781826021,0.518395017,524.6,-0.623814083,462.0445355,247.3264,0.644373177,0.976496583,0.524394268,-0.136530933,1.86815696,0.189333525,0.678823435,0.550120791,0.37813481,0.520453143,0.72394925,0.514380842,0.759888612,0.735126154,0.096535183,0.310883583,-0.38126645,0.44977038,16,0.726549191,1.454827158,1.057003495,1.407418767,1.033684637,0.735126154,0.988332666
B1,B1A06,12,2,9.743528589,0.481813883,543.3,-0.623814083,345.4912022,194.8311031,0.65648995,0.970798515,0.760532256,-0.412998292,1.773285665,-0.040720592,0.814006257,0.562508112,0.489623591,0.579690361,0.875299275,0.556372825,0.642646611,0.880027867,0.439754368,0.13346998,-0.594553686,0.127829139,16,0.844629519,1.148858272,0.97035961,1.573224348,0.730257114,0.880027867,0.959775878
B1,B1A06,12,3,9.733660157,0.201212317,553.4,-0.623814083,253.5099333,138.2803531,0.707425534,0.961956181,0.522220437,-0.627501923,1.833304064,-0.003334808,0.836638872,0.313734749,0.409658839,0.595987785,0.936725498,0.546070924,0.334927094,0.750193465,0.884711726,-0.169320085,-0.631314126,-0.169364437,16,0.687361132,0.765843965,0.526411375,1.715391641,0.446454295,0.750193465,0.916245161
B1,B1A06,12,4,9.519113581,0.1530159,594.28,-0.623814083,240.3552667,119.4148844,0.74725904,0.959496931,0.534374237,-0.72807912,2.012774772,0.124929145,0.887845627,0.375066167,0.490291289,0.707619433,1.032672856,0.640551828,0.363199405,0.765420171,0.793677294,-0.18151601,-0.575621975,-0.199218434,16,0.692874258,0.764986398,0.530039383,1.612161283,0.474509843,0.765420171,0.905220798
B1,B1A06,12,5,9.507727826,0.469598267,593.18,-0.623814083,215.1622667,100.0141406,0.781945616,0.946232419,0.367589307,-0.551220289,2.151318457,-0.035999455,1.187317912,0.497120308,0.454779885,0.720077957,1.114225797,0.659452298,0.446157601,0.689632725,0.84543144,-0.155808399,-0.687957877,0.106501634,16,0.631570347,1.093100915,0.690370124,1.689623041,0.646949579,0.689632725,0.915806812
B1,B1A06,12,6,9.336048779,0.484303917,549.74,-0.550285833,154.7913333,92.28682813,0.732495028,0.910180295,0.046662639,-0.374689971,1.677285226,-0.186943713,0.864228939,0.337775445,0.311433565,0.732441976,0.685385677,0.687781326,0.492825363,0.452808986,-0.070404499,0.066921343,0.490038182,-0.305481011,16,0.425198958,1.084582661,0.461163418,0.996516844,1.088373636,0.452808986,0.939025
B1,B1A06,12,7,9.195238759,0.102059667,540.84,-0.550285833,134.1211667,90.28945625,0.666901517,0.891636917,0.069181591,-0.479130592,1.485457685,-0.28190811,0.767365795,0.357698777,0.326993525,0.655939596,0.626391269,0.597566928,0.571046875,0.547208204,-0.252960405,0.301196578,0.61701937,-0.527993194,16,0.498511642,1.093901711,0.545322739,1.048236172,1.04356417,0.547208204,0.911009079
B1,B1A06,12,8,9.413262924,0.1212659,533.94,-0.550285833,125.2358,103.4539474,0.649021869,0.863226357,-0.024682057,-1.236965692,1.210546365,-0.955709202,1.166255567,0.26403217,0.30053703,0.724131343,0.682139184,0.592607869,0.387064951,0.507143165,-0.272728793,0.423808991,0.079813414,-0.49729918,16,0.415031103,0.878534567,0.36461917,1.151080199,0.763226201,0.507143165,0.818370692
B1,B1A06,12,9,9.874044512,-0.23300125,489.06,-1.2581535,127.9833,102.5973224,0.710414397,0.832261531,-0.015403279,-1.792640902,1.247433139,-3.560244446,3.807677585,0.288673724,0.31234446,0.74525653,0.701151199,0.553058045,0.411713942,0.564758912,0.272335326,-0.004563877,0.010794732,-0.47934161,16,0.419109994,0.924215926,0.387348132,1.267771449,0.729008314,0.564758912,0.742104259
B1,B1A06,12,10,9.902422496,-0.753896933,465.3,-1.549352083,130.5373,98.08125994,0.738214639,0.825013353,0.011683628,-2.735303778,1.330909698,-1.57049033,1.901400028,0.27584139,0.364739255,0.922387753,0.670249598,0.615618227,0.411550251,0.592476374,0.064311351,0.024430938,0.038395219,-0.555888163,16,0.395429421,0.756270094,0.299051445,1.088742289,0.694627279,0.592476374,0.667418041
B1,B1A06,12,11,10.07977113,-0.66072695,479.18,-1.549352083,139.8803,89.52363494,0.711058402,0.833584692,-0.001403924,-1.885784553,1.56249576,-0.863945892,1.426441652,0.205562011,0.300610178,0.853084781,0.542202756,0.621373568,0.379123877,0.483783336,-0.097412386,-0.030000198,0.333554469,-0.719424257,16,0.352380191,0.683815872,0.240963167,0.872587416,0.783664605,0.483783336,0.728384308
B1,B1A06,12,12,10.40158828,-0.659007883,433.66,-1.549352083,147.1378,83.71586619,0.728718229,0.815900493,0.038149252,-1.357503868,1.757585589,-3.461390685,4.218976274,0.133752523,0.391175094,0.852311535,0.526307667,0.673939821,0.254133715,0.580430303,-0.176382712,-0.04267565,-0.436339949,-0.371959035,16,0.458957879,0.341924945,0.156929148,0.780941638,0.437836746,0.580430303,0.790720052
B1,B1A06,12,13,10.44274379,-0.63677245,405.7,-1.549352083,143.8145,69.9678125,0.738899832,0.832569451,0.060242906,-1.579763652,2.055437992,-1.206447376,2.261885367,0.124432756,0.261544281,0.805902764,0.516105389,0.557539987,0.241099509,0.469104077,-0.25295028,0.178633461,-0.417026885,-0.318820912,16,0.324535779,0.475761716,0.154401699,0.925683181,0.513957394,0.469104077,0.691820418
B1,B1A06,12,14,10.50580274,-0.40832675,433.38,-1.549352083,133.448,68.513425,0.692452798,0.845083803,0.070550006,-1.45468233,1.947764252,-0.481852807,1.429617059,0.075208118,0.267266189,0.795565614,0.502899904,0.562012765,0.149548882,0.475551813,-0.300323531,0.195142895,-0.351538214,-0.549567624,16,0.335944873,0.281397803,0.094534149,0.894819364,0.314474422,0.475551813,0.706431694
B1,B1A06,12,15,10.3969538,-0.071427333,478.2,-0.440715583,149.695,67.8962375,0.665707312,0.827393973,0.103410479,-1.819341906,2.204761346,-1.10256862,2.307329966,0.218983232,0.271609419,0.849911345,0.593240738,0.555156264,0.36913047,0.489248589,-0.124657434,0.193258792,-0.252226851,-0.17852631,16,0.319573824,0.806243146,0.257654206,1.068601358,0.754484486,0.489248589,0.653193145
B1,B1A07,2,1,9.781826021,0.518395017,524.6,-0.623814083,435.6398333,308.915,0.936412666,0.95690198,-0.036274306,7.19052069,1.410225574,-0.196086785,0.606312359,0.472033952,0.26663852,0.316541654,0.51102839,0.33981835,0.923694185,0.784650153,0.655325888,-0.151497768,0.602341221,-0.216529304,2,0.842348921,1.770314176,1.491222236,1.503828119,1.17720513,0.784650153,1.073534387
B1,B1A07,2,2,9.743528589,0.481813883,543.3,-0.623814083,417.4601666,273.87,0.957689836,0.941599811,0.80429012,12.08309007,1.524300459,-0.245120365,0.769420824,0.549493127,0.442139582,0.412633479,0.565628713,0.45675328,0.971473185,0.968005269,0.417336835,-0.178968689,0.041990868,-0.034812957,2,1.071506809,1.242804647,1.331673641,1.238368146,1.003582538,0.968005269,1.106922496
B1,B1A07,2,3,9.733660157,0.201212317,553.4,-0.623814083,320.5768333,204.475,0.97981267,0.96103993,0.685037851,2.992820007,1.56780454,-0.152615941,0.720420481,0.671862621,0.460140152,0.480954721,0.683577644,0.495591327,0.982862191,0.928466917,0.430156727,-0.050839521,0.141629362,-0.021024791,2,0.956722393,1.460126048,1.396935287,1.379317206,1.058586119,0.928466917,1.030432399
B1,B1A07,2,4,9.519113581,0.1530159,594.28,-0.623814083,246.5021667,191.9395,0.979913559,0.933663414,0.083258052,-0.81860199,1.28427013,-0.198600274,0.482870404,0.57251111,0.413327077,0.548467478,0.594236412,0.544202583,0.963439968,0.759509585,0.079766782,0.012172932,0.668859452,-0.059760321,2,0.75360362,1.385128489,1.043837844,1.091939714,1.268502712,0.759509585,0.992223977
B1,B1A07,2,5,9.507727826,0.469598267,593.18,-0.623814083,194.6611667,180.2645,0.961744568,0.943631244,-0.142172543,0.604469525,1.079864126,-0.164737634,0.24460176,0.214334008,0.382103703,0.5483986,0.301521294,0.551751837,0.710842027,0.692528194,-0.442425298,-0.011094792,0.148030631,-0.094441515,2,0.696762725,0.560931512,0.390836169,0.54647991,1.026444892,0.692528194,1.006114597
B1,B1A07,2,6,9.336048779,0.484303917,549.74,-0.550285833,191.662,206.4095,0.984125668,0.906611515,0.280085824,3.491261307,0.928552223,-0.190675197,0.11922742,0.220549405,0.517239122,0.599318117,0.343459596,0.616232364,0.642140757,0.839357281,-0.403777496,-0.038868466,-0.331140353,-0.08357552,2,0.863046031,0.426397378,0.368000564,0.557354038,0.765038645,0.839357281,1.028222486
B1,B1A07,2,7,9.195238759,0.102059667,540.84,-0.550285833,201.6066667,234.627,0.994717486,0.899478583,0.25317975,-2.410237042,0.859264563,-0.166730985,0.025995549,0.181447995,0.40097303,0.50204336,0.236308493,0.491770727,0.767843733,0.815365795,-0.545206143,0.025731883,-0.223348062,0.110178744,2,0.79868207,0.4525192,0.361418972,0.48052574,0.94171688,0.815365795,0.979538355
B1,B1A07,2,8,9.413262924,0.1212659,533.94,-0.550285833,201.7877,303.71931,0.967185582,0.872750204,0.04700745,3.656062099,0.664388774,-0.207655334,-0.127955892,0.179785711,0.317908944,0.3883194,0.303820233,0.400357035,0.591750289,0.79406359,-0.195617598,-0.045509179,-0.280294881,-0.16435561,2,0.818679016,0.565525802,0.462984107,0.758873223,0.745217759,0.79406359,1.030999313
B1,B1A07,2,9,9.874044512,-0.23300125,489.06,-1.2581535,192.7557,294.60031,0.942651524,0.910983934,0.46714057,16.14681055,0.654295646,-0.162394164,-0.183310191,0.149606742,0.355967073,0.32725842,0.311352021,0.382067631,0.48050673,0.931686027,0.073946689,-0.259033318,-0.579594032,-0.154419351,2,1.08772472,0.420282529,0.457151696,0.814913372,0.515738904,0.931686027,1.167479911
B1,B1A07,2,10,9.902422496,-0.753896933,465.3,-1.549352083,180.5977,278.69231,0.971269132,0.849683098,0.667990371,-5.893863894,0.648018239,-0.235393653,-0.116588108,0.110960066,0.448554552,0.505740614,0.354117912,0.484592331,0.313342145,0.925632792,-0.332247357,0.063001619,-0.859071343,-0.026335111,2,0.886926104,0.247372511,0.219401137,0.730754263,0.338516685,0.925632792,0.958183538
B1,B1A07,2,11,10.07977113,-0.66072695,479.18,-1.549352083,183.9937,228.98331,0.920847643,0.848472492,0.681814157,-2.905037685,0.803524501,-0.353006471,0.156530972,0.115303504,0.582904018,0.638273293,0.315359863,0.625586614,0.365625172,0.931771884,-0.530963488,0.035066126,-0.814607539,-0.031416483,2,0.913251462,0.197808731,0.180649113,0.504102638,0.39239773,0.931771884,0.980123438
B1,B1A07,2,12,10.40158828,-0.659007883,433.66,-1.549352083,169.7467,190.69931,0.93092745,0.800329533,0.848217499,-3.595936804,0.8901275,-0.509514451,0.399641951,0.163682449,0.789347829,0.832305898,0.393736739,0.813449318,0.415715457,0.970371247,-0.553001635,0.037035158,-0.800976237,-0.015489772,2,0.948386682,0.207364159,0.196661407,0.484033523,0.428408672,0.970371247,0.977344171
B1,B1A07,2,13,10.44274379,-0.63677245,405.7,-1.549352083,142.395,104.592,0.96831222,0.798598153,0.611166166,-11.57655636,1.361432997,-0.692970155,1.054403152,0.52683035,0.680537426,0.860503697,0.633172429,0.749820697,0.832048785,0.907600214,-0.36295319,0.207384973,-0.159770128,0.000213395,2,0.790859386,0.774138688,0.612234847,0.844431783,0.916756929,0.907600214,0.871374172
B1,B1A07,2,14,10.50580274,-0.40832675,433.38,-1.549352083,105.647,64.73,0.989654332,0.687209643,0.394830763,-7.513940635,1.632118029,-1.300218745,1.932336774,0.816521164,0.875679728,1.107527312,0.915137503,0.991446041,0.892238775,0.883234883,-0.21615928,0.13919237,0.111347406,-0.090855042,2,0.790661972,0.932442693,0.737246979,0.92303309,1.010194221,0.883234883,0.895188797
B1,B1A07,2,15,10.3969538,-0.071427333,478.2,-0.440715583,79.9161,43.049,0.934819737,0.804949537,0.970358308,-6.90942779,1.856398523,-1.02445205,1.880850573,1.015368121,1.0389861,1.206640102,1.10727675,1.046138632,0.916995793,0.993162921,-0.185091164,0.243532862,-0.147679342,0.000177977,2,0.86105716,0.977268244,0.841483819,1.058441698,0.923308526,0.993162921,0.866984804
B1,B1A11,12,1,9.781826021,0.518395017,524.6,-0.623814083,499.0361333,217.7785031,0.694587435,0.983945538,0.531402449,-0.190743438,2.291484817,0.22051777,1.070967047,0.651594327,0.496893465,0.661125931,0.983643843,0.651491473,0.662429122,0.762701409,0.401547688,0.108286106,-0.723540937,0.477885449,16,0.751586712,1.311336076,0.98558277,1.509833794,0.868530087,0.762701409,0.985427197
B1,B1A11,12,2,9.743528589,0.481813883,543.3,-0.623814083,351.8274666,159.4121594,0.623179549,0.967984673,0.779305305,-0.151949635,2.207030304,0.228303537,0.978726767,0.369050762,0.599090987,0.6746263,0.917967104,0.664141241,0.402030487,0.902053585,0.370925712,0.011260859,-0.891622811,0.09025668,16,0.888033844,0.616017884,0.547044729,1.382186571,0.445683598,0.902053585,0.984457974
B1,B1A11,12,3,9.733660157,0.201212317,553.4,-0.623814083,296.0648,113.5027844,0.599901651,0.9656178,0.362522478,-0.140706567,2.60843645,0.470900024,1.137536427,0.247245382,0.370650838,0.573622581,0.679460297,0.559986156,0.363884959,0.661892859,0.483352498,-0.270000542,-0.578179874,-0.119579515,16,0.646158031,0.667057396,0.431024493,1.213351955,0.549764141,0.661892859,0.976227531
B1,B1A11,12,4,9.519113581,0.1530159,594.28,-0.623814083,264.7918,104.3038156,0.557065905,0.963226437,0.188511261,-0.324295926,2.538658805,0.642497554,0.896161251,0.394219496,0.29799644,0.636686353,0.601827263,0.602485733,0.655037616,0.494611613,0.294111273,-0.295204195,0.301204432,0.452691673,16,0.468042763,1.322900018,0.61917378,0.998907078,1.324347426,0.494611613,0.946283409
B1,B1A11,12,5,9.507727826,0.469598267,593.18,-0.623814083,254.439,96.11029688,0.566602098,0.950647464,0.096680234,-0.582864367,2.647364624,0.740642922,0.906721702,0.443954094,0.253829911,0.628854969,0.688883435,0.562145071,0.644454594,0.451538088,0.522581696,-0.297126791,-0.239121197,1.276143896,16,0.403638237,1.749021985,0.70597215,1.225454905,1.427243041,0.451538088,0.89391847
B1,B1A11,12,6,9.336048779,0.484303917,549.74,-0.550285833,232.7736666,104.4544375,0.603414856,0.92739253,0.042030422,-0.155232473,2.228470826,0.488837188,0.739633639,0.346702898,0.352024137,0.634105013,0.603400775,0.617757625,0.574581459,0.569841832,0.171684507,-0.19492477,-0.383713485,0.400417551,16,0.555151165,0.98488388,0.546759433,0.976759737,1.008317443,0.569841832,0.974219747
B1,B1A11,12,7,9.195238759,0.102059667,540.84,-0.550285833,231.6029333,112.9326563,0.626912763,0.920114481,-0.002826504,-0.54094741,2.050805684,0.489103851,0.561701833,0.343424593,0.247021553,0.579594337,0.577664974,0.526904338,0.594504788,0.468816699,0.326533699,-0.230196219,-0.038315487,0.646384068,16,0.426197319,1.390261655,0.592525791,1.09633748,1.26809644,0.468816699,0.909091592
B1,B1A11,12,8,9.413262924,0.1212659,533.94,-0.550285833,262.8602,123.9912069,0.656578905,0.8785455,-0.046471642,-1.480556768,2.119990656,0.290789044,0.829201612,0.449814522,0.203657007,0.687315776,0.701044307,0.555966748,0.641634941,0.366311489,0.375655524,-0.114709057,0.907860729,1.160277572,16,0.296307774,2.208686696,0.654451037,1.260946467,1.751610202,0.366311489,0.80889566
B1,B1A11,12,9,9.874044512,-0.23300125,489.06,-1.2581535,288.6192,116.2553319,0.672061711,0.856805075,0.02448358,-1.987808332,2.482631939,0.208779812,1.273852127,0.32563097,0.271669697,0.733977135,0.589117568,0.54589207,0.552743608,0.497661923,0.149432566,-0.070249334,-0.253808564,0.487420692,16,0.370133734,1.198628235,0.443652744,1.079183231,1.11068093,0.497661923,0.743745335
B1,B1A11,12,10,9.902422496,-0.753896933,465.3,-1.549352083,307.1662,108.5726444,0.666766324,0.833041605,0.22312019,-3.200793193,2.829130687,-0.147167079,1.976297766,0.222471106,0.373725752,0.923842423,0.494115188,0.599555165,0.450241385,0.623338392,-0.270282064,0.094418385,-0.760341136,0.282067846,16,0.404534088,0.595279038,0.240810663,0.824136321,0.722306521,0.623338392,0.648979902
B1,B1A11,12,11,10.07977113,-0.66072695,479.18,-1.549352083,286.3412,91.02000688,0.650730416,0.825008439,0.086694144,-2.400484782,3.145914946,-0.79215209,2.938067036,0.291409319,0.354830717,0.921283002,0.56721605,0.631178293,0.513753654,0.562171926,-0.001587161,-0.099750676,0.459714793,-0.624551226,16,0.385148446,0.821262943,0.316308146,0.898662163,0.91387284,0.562171926,0.685107933
B1,B1A11,12,12,10.40158828,-0.659007883,433.66,-1.549352083,277.0716,83.23475688,0.617716195,0.820589493,0.016283134,-2.045858509,3.328796892,-0.95147134,3.280268232,0.307029009,0.401452233,0.995489924,0.536400843,0.725116771,0.572387261,0.553638047,-0.139710243,-0.120545671,0.586158443,-0.517280629,16,0.403271016,0.764795868,0.308420007,0.739744086,1.033865472,0.553638047,0.72840192
B1,B1A11,12,13,10.44274379,-0.63677245,405.7,-1.549352083,235.62,61.6077375,0.677420871,0.853014983,0.168337243,-1.950492652,3.824519607,-0.232280812,3.056800418,0.110022453,0.295179513,0.972406729,0.615609151,0.624148214,0.178721276,0.47293176,0.002960835,-0.016641981,-1.411562379,0.55437137,16,0.303555606,0.372730653,0.113144479,0.986318854,0.377900768,0.47293176,0.641859209
B1,B1A11,12,14,10.50580274,-0.40832675,433.38,-1.549352083,218.564,52.5609875,0.683788632,0.843107214,0.144444755,-1.847633162,4.158293259,-0.7643306,3.922623859,0.150239054,0.315335207,1.047206746,0.737344785,0.660532793,0.203756855,0.477395234,-0.020471402,0.136759334,-1.053542361,0.23570877,16,0.301120298,0.476442372,0.143466469,1.116287931,0.42680957,0.477395234,0.630756817
B1,B1A11,12,15,10.3969538,-0.071427333,478.2,-0.440715583,216.3998,60.3698625,0.679983049,0.850779639,0.121611383,-1.710681149,3.58456672,-1.396480628,3.981047348,0.139199597,0.442460291,1.064960233,0.853198409,0.753256813,0.163150324,0.587396335,0.08344771,0.049231603,-0.440209546,-0.482644453,16,0.415471186,0.314603593,0.130708728,1.132679313,0.277751689,0.587396335,0.707309803
B1,B1A12,5,1,9.781826021,0.518395017,524.6,-0.623814083,398.8588959,205.0126313,0.625030345,0.842945973,0.521812993,-6.945791038,1.945533275,0.475958232,0.469575044,0.289940114,0.377436757,0.559079018,0.709152764,0.423559738,0.408854239,0.891106313,0.716064468,-0.041795883,-0.933100235,0.143612775,8,0.675104492,0.768181977,0.518603103,1.674268585,0.458816455,0.891106313,0.757602637
B1,B1A12,5,2,9.743528589,0.481813883,543.3,-0.623814083,318.9395626,155.786475,0.488768368,0.822641987,0.832890469,-6.5461199,2.047286599,0.758130151,0.289156448,0.445693568,0.557827031,0.756377144,0.731184317,0.588297857,0.609550229,0.948205104,0.397332674,-0.154451524,-0.641408038,0.054659521,8,0.737498529,0.798981662,0.5892478,1.24288115,0.642846391,0.948205104,0.777783758
B1,B1A12,5,3,9.733660157,0.201212317,553.4,-0.623814083,301.2598333,128.3726,0.476203036,0.770395288,0.516294404,-2.43624583,2.346761173,0.930915629,0.415845544,0.52501858,0.390089985,0.551716959,0.770481315,0.475805251,0.681416369,0.819852205,0.763425044,-0.144104298,-0.474204584,0.16500722,8,0.707047297,1.345890951,0.951608558,1.619320746,0.831145376,0.819852205,0.862408239
B1,B1A12,5,4,9.519113581,0.1530159,594.28,-0.623814083,247.2835,108.7806,0.5492728,0.775746266,0.624022908,-1.508620697,2.273231624,0.756259155,0.516972469,0.641694885,0.503299645,0.623062055,0.920030618,0.567588167,0.697471228,0.886733858,0.672916903,-0.051969407,-0.491836909,0.110516815,8,0.807784139,1.274975834,1.029905256,1.620947496,0.78656208,0.886733858,0.91096571
B1,B1A12,5,5,9.507727826,0.469598267,593.18,-0.623814083,279.292,93.77971875,0.547374934,0.782205362,0.212367921,-2.308921432,2.978170587,1.075921749,0.902248837,0.799438755,0.45352333,0.712940376,1.005111357,0.614457614,0.795373318,0.738087249,0.601304267,0.034465776,-0.323256616,0.484509033,8,0.636130797,1.762729066,1.121326246,1.635770042,1.077614225,0.738087249,0.861863958
B1,B1A12,5,6,9.336048779,0.484303917,549.74,-0.550285833,304.834,82.97834375,0.549830891,0.787428188,0.19233227,-1.887049842,3.673657321,1.482421349,1.191235972,0.776410255,0.486334355,0.736927952,1.134620863,0.645962056,0.68429048,0.752883781,0.761183762,-0.004701548,-0.466030897,0.292116613,8,0.659948309,1.596453646,1.053576883,1.756482214,0.908892577,0.752883781,0.876560666
B1,B1A12,5,7,9.195238759,0.102059667,540.84,-0.550285833,315.9333333,80.822125,0.49468397,0.81455348,0.110234059,-0.033062976,3.908995629,1.704332309,1.20466332,0.719271424,0.533404718,0.692002724,1.049134279,0.690366391,0.685585667,0.772640042,0.505993455,0.013684055,-0.570107477,0.35745966,8,0.770813032,1.348453436,1.039405481,1.51967751,0.887328678,0.772640042,0.997635366
B1,B1A12,5,8,9.413262924,0.1212659,533.94,-0.550285833,333.7688,62.3702975,0.495030501,0.863541303,-0.119617726,-0.964016793,5.351406252,2.154490431,2.196915821,0.643605775,0.359015142,0.756685738,1.008653866,0.69486036,0.638083883,0.51667236,0.384034631,0.067557549,-0.321311792,0.846505804,8,0.474457393,1.792698131,0.850558881,1.45159218,1.234987454,0.51667236,0.918294512
B1,B1A12,5,9,9.874044512,-0.23300125,489.06,-1.2581535,369.1908,56.9827975,0.476108989,0.865441142,-0.040370327,-0.325409367,6.478986926,2.647927619,2.831059307,0.507418111,0.458928601,0.780801859,0.873385239,0.75795922,0.580978574,0.605479278,0.054388275,0.097896987,-0.638180501,0.558887966,8,0.587765764,1.105658069,0.64986796,1.152285263,0.959535025,0.605479278,0.970744641
B1,B1A12,5,10,9.902422496,-0.753896933,465.3,-1.549352083,264.6398,40.7430475,0.45639344,0.856154877,0.093397284,-1.537769498,6.495336413,2.236939128,3.258397285,0.476819457,0.514792054,0.921899993,0.6804536,0.770927536,0.700737651,0.667756735,-0.234140641,0.11678339,-0.309614426,0.41083509,8,0.55840336,0.926237018,0.517213863,0.882642749,1.049390615,0.667756735,0.836237707
B1,B1A12,5,11,10.07977113,-0.66072695,479.18,-1.549352083,267.0838,47.0402975,0.42110004,0.739239285,0.133669998,-0.140481389,5.677765962,-0.525865434,5.203631397,0.489610988,0.694784256,0.967072857,0.791174461,0.955127236,0.618840739,0.727425866,-0.306633336,0.134977908,-0.125008138,-0.151255634,8,0.718440448,0.704694995,0.506281388,0.828344571,0.850726883,0.727425866,0.987647652
B1,B1A12,5,12,10.40158828,-0.659007883,433.66,-1.549352083,287.6108,51.9015475,0.313273125,0.596055121,0.260676032,-2.012053011,5.541468682,-0.223170395,4.764639077,0.422391424,0.617129179,0.940749826,0.548853489,0.785682927,0.769588664,0.785468486,-0.267985361,-0.033445954,-0.269444945,0.229419659,8,0.655997122,0.684445718,0.448994421,0.698568685,0.979782993,0.785468486,0.835166699
B1,B1A12,5,13,10.44274379,-0.63677245,405.7,-1.549352083,359.625,55.460125,0.233925729,0.613862178,0.166854225,-1.732685929,6.484388558,1.754639307,3.729749252,0.506977069,0.602298343,0.892257245,0.657412743,0.767289194,0.771170128,0.784969145,-0.070319174,-0.072881658,-0.373721316,0.338872223,8,0.675027686,0.841737446,0.56819608,0.856799168,0.982420942,0.784969145,0.85994168
B1,B1A12,5,14,10.50580274,-0.40832675,433.38,-1.549352083,378.018,62.21265,0.130406374,0.533784143,0.298106936,-2.628927614,6.076224048,3.327533585,1.748690463,0.479766066,0.497739189,0.793181286,0.532785584,0.624152793,0.9004862,0.797463688,-0.016907168,-0.129478798,-0.071149663,0.346214559,8,0.627522607,0.963890481,0.604863068,0.853614034,1.129187715,0.797463688,0.786898032
B1,B1A12,5,15,10.3969538,-0.071427333,478.2,-0.440715583,412.2652,70.36765,0.129935524,0.592262427,0.079509009,-3.600594979,5.85873196,3.578765547,1.279966413,0.32019704,0.251826227,0.68787709,0.37877036,0.483203779,0.845359285,0.521159475,-0.011890216,-0.204236858,0.9001461,0.730978281,8,0.366091895,1.271499969,0.465485833,0.783872926,1.622074098,0.521159475,0.702456567
B1,B1A13,3,1,9.781826021,0.518395017,524.6,-0.623814083,318.7597534,286.955625,0.0494727,0.711285684,0.422749795,-16.7737124,1.110832915,0.531256239,-0.420423324,0.361029154,0.358496964,0.509007955,0.391881104,0.392099897,0.921272167,0.914300072,0.276209945,-0.27676795,-0.151495466,0.166804834,4,0.704305229,1.007063349,0.709279983,0.999441995,1.007625609,0.914300072,0.770321747
B1,B1A13,3,2,9.743528589,0.481813883,543.3,-0.623814083,328.7720868,225.247175,0.06262124,0.724466448,0.864099688,-11.41729998,1.459605816,0.636382356,-0.176776539,0.306373631,0.545589388,0.663816954,0.349485419,0.56244121,0.876642098,0.970038073,-0.120472795,-0.258154852,-0.214001924,0.030710442,4,0.821897338,0.56154617,0.461533302,0.621372354,0.90371927,0.970038073,0.847283587
B1,B1A13,3,3,9.733660157,0.201212317,553.4,-0.623814083,278.679,189.4203,0.067224793,0.701043986,0.538412443,-8.639318601,1.47122035,0.632336947,-0.161116598,0.335675346,0.376785278,0.520722497,0.378425194,0.429503989,0.887032236,0.877256761,0.098789863,-0.217714941,-0.184434114,0.20684475,4,0.723581716,0.890892944,0.644633845,0.881074922,1.011143232,0.877256761,0.824823186
B1,B1A13,3,4,9.519113581,0.1530159,594.28,-0.623814083,225.2836667,171.01605,0.080525331,0.759927925,0.542476261,-1.189662047,1.317324699,0.529109034,-0.211784334,0.58576965,0.447613076,0.512888634,0.626251064,0.498975764,0.93535913,0.897063761,0.381386805,-0.126313696,-0.088812365,0.176014145,4,0.872729567,1.308651785,1.142099105,1.255073109,1.042689685,0.897063761,0.972873507
B1,B1A13,3,5,9.507727826,0.469598267,593.18,-0.623814083,189.6606667,132.71255,0.250458611,0.76249076,0.568484651,-4.523566351,1.429108752,0.508262069,-0.079153317,0.415773411,0.530388748,0.660957155,0.517441408,0.592786264,0.803517857,0.894738592,0.030302273,-0.157405178,-0.251015547,0.05750506,4,0.802455566,0.783903152,0.629047448,0.872897095,0.898047612,0.894738592,0.896860349
B1,B1A13,3,6,9.336048779,0.484303917,549.74,-0.550285833,195.783,110.40655,0.271770209,0.766824801,0.625988376,-3.623773986,1.77329153,0.541066995,0.232224536,0.430791701,0.633675632,0.734716343,0.526635821,0.669072159,0.818006835,0.9470961,-0.00923442,-0.203651942,-0.247696445,-0.006325987,4,0.86247657,0.679829994,0.586337441,0.787113638,0.86369993,0.9470961,0.910653703
B1,B1A13,3,7,9.195238759,0.102059667,540.84,-0.550285833,217.5826667,103.869,0.319620207,0.802379371,0.635582129,0.950301952,2.094779642,0.713151603,0.381628039,0.483863607,0.728604552,0.745667755,0.542883129,0.763965841,0.891285032,0.95371352,-0.25103259,-0.038355626,-0.167261042,0.040629187,4,0.977116882,0.664096328,0.648899733,0.710611784,0.934541676,0.95371352,1.024539195
B1,B1A13,3,8,9.413262924,0.1212659,533.94,-0.550285833,211.209,72.860525,0.466112025,0.813955155,0.387388176,-2.516722431,2.898812491,0.758077508,1.140734984,0.512839313,0.386975106,0.585573438,0.664323954,0.516490147,0.771971732,0.749240055,0.40215231,-0.115924571,-0.140964153,0.202563936,4,0.660848121,1.325251431,0.875789918,1.286227739,1.030339645,0.749240055,0.882024548
B1,B1A13,3,9,9.874044512,-0.23300125,489.06,-1.2581535,307.021,58.123525,0.357341037,0.745383391,-0.224720315,-1.757272559,5.282215764,1.817997399,2.464218365,0.459213092,0.26319609,0.553135769,0.657265263,0.492668942,0.69867239,0.534225049,0.437289595,-0.103198471,-0.348536609,1.058940467,4,0.475825475,1.744756514,0.830199596,1.334091124,1.307824093,0.534225049,0.890683571
B1,B1A13,3,10,9.902422496,-0.753896933,465.3,-1.549352083,288.318,50.194525,0.304209135,0.760399041,-0.050966636,-0.264702134,5.744012918,2.196631708,2.54738121,0.543631525,0.398952808,0.608451965,0.721984311,0.597904913,0.752968613,0.667251263,0.250016893,-0.042493263,-0.243888883,0.517318474,4,0.65568497,1.362646192,0.893466628,1.20752363,1.128463376,0.667251263,0.982665761
B1,B1A13,3,11,10.07977113,-0.66072695,479.18,-1.549352083,295.266,74.057525,0.307986997,0.656504307,0.392523489,4.002502899,3.986981742,1.459626911,1.52735483,0.529354161,0.879568051,0.864386795,0.704314914,0.972478522,0.751587323,0.904460131,-0.325056357,0.049303626,-0.308312146,-0.001161852,4,1.017563036,0.60183423,0.612404266,0.724247269,0.830978942,0.904460131,1.125050184
B1,B1A13,3,12,10.40158828,-0.659007883,433.66,-1.549352083,257.938,86.731525,0.276238175,0.490070917,0.782873815,-1.508632558,2.973982067,0.932532675,1.041449392,0.646161464,0.725754131,0.793867503,0.800202431,0.75907894,0.807497502,0.956098363,0.055869048,-0.001693535,-0.295674634,0.00898285,4,0.91420058,0.890331086,0.813941195,1.054175513,0.844575761,0.956098363,0.956178376
B1,B1A13,3,13,10.44274379,-0.63677245,405.7,-1.549352083,336.215,93.2835,0.355349823,0.478223635,0.792328281,-2.492743638,3.604227972,0.811740133,1.792487839,0.585957944,0.675953333,0.758260733,0.728217865,0.704816262,0.804646483,0.959049002,0.042280508,-0.009078092,-0.226011214,-0.07006014,4,0.891452377,0.866861535,0.772765776,1.033202416,0.839004556,0.959049002,0.929517027
B1,B1A13,3,14,10.50580274,-0.40832675,433.38,-1.549352083,279.186,108.47205,0.415600753,0.410060184,0.618984644,-10.78969192,2.573805879,0.00285853,1.570947349,0.589290743,0.525830345,0.777444858,0.667739547,0.578505281,0.882515864,0.908946491,0.145520268,0.008729432,0.085296465,-0.142607534,4,0.676357093,1.120686071,0.757983974,1.1542497,0.970921691,0.908946491,0.744111012
B1,B1A13,3,15,10.3969538,-0.071427333,478.2,-0.440715583,317.233,117.12655,0.394808633,0.41382495,0.42779872,-17.91713869,2.708463623,0.197978592,1.510485031,0.468366362,0.366383354,0.73917777,0.559240501,0.433232812,0.837504368,0.845696226,0.299297856,-0.008443411,0.177603808,-0.196883032,4,0.495663383,1.278350549,0.633631559,1.290854445,0.990313474,0.845696226,0.586100976
B1,B1A14,5,1,9.781826021,0.518395017,524.6,-0.623814083,252.0289632,170.4166875,0.796287792,0.983550358,-0.047935647,0.576493932,1.478898381,-0.016694784,0.495593165,0.706341113,0.316163285,0.611461321,1.156006769,0.624992718,0.611018146,0.50586715,0.846430271,0.00320211,-1.000658054,1.459590759,8,0.517061789,2.234102271,1.155168917,1.849632381,1.207862867,0.50586715,1.022129603
B1,B1A14,5,2,9.743528589,0.481813883,543.3,-0.623814083,191.7967965,143.2471875,0.686352738,0.981143339,0.076499528,-0.74310302,1.338921901,-0.248520918,0.587442818,0.456512058,0.423768606,0.714054593,0.627997082,0.693304363,0.726933406,0.61123026,-0.039509277,-0.054687852,0.195682085,0.218741736,8,0.593468077,1.077267291,0.639323747,0.90580287,1.189295515,0.61123026,0.970940275
B1,B1A14,5,3,9.733660157,0.201212317,553.4,-0.623814083,209.5106667,115.171875,0.668663805,0.946450923,-0.030639464,-1.66223746,1.819113101,-0.413772692,1.232885793,0.369838687,0.224004296,0.743257538,0.52505727,0.685526865,0.704377804,0.326762243,-0.138083346,-0.095998794,0.512842008,3.133889601,8,0.301381802,1.651033903,0.497591572,0.765917861,2.155627892,0.326762243,0.922327498
B1,B1A14,5,4,9.519113581,0.1530159,594.28,-0.623814083,224.3738333,116.31975,0.63495782,0.958090914,-0.071943706,-3.087063428,1.928940127,-0.013500164,0.942440291,0.266457323,0.236046797,0.813060915,0.429401257,0.706903072,0.620532236,0.333916779,-0.275682509,-0.116877413,0.36215692,2.091285428,8,0.290318711,1.128832612,0.327721229,0.607440078,1.85834398,0.333916779,0.869434331
B1,B1A14,5,5,9.507727826,0.469598267,593.18,-0.623814083,229.6383333,108.25025,0.574359994,0.925512586,-0.123216327,-2.591316241,2.121365386,0.33234758,0.789017805,0.239024242,0.271828232,0.749674986,0.352512808,0.653922182,0.67805832,0.41568896,-0.34498379,-0.115941657,1.201493373,0.459214032,8,0.362594773,0.879320889,0.318837158,0.539074553,1.631167498,0.41568896,0.872274244
B1,B1A14,5,6,9.336048779,0.484303917,549.74,-0.550285833,200.6733333,106.9699375,0.449914337,0.921542563,-0.136230355,-2.321547666,1.875978784,0.240409749,0.635569036,0.09921898,0.267314259,0.729463306,0.256486765,0.642652087,0.386838593,0.415954861,-0.454622324,-0.146270958,-2.687286331,2.552188891,8,0.366453333,0.371169798,0.136016409,0.399106719,0.930001377,0.415954861,0.880993028
B1,B1A14,5,7,9.195238759,0.102059667,540.84,-0.550285833,195.6,108.5844375,0.387112152,0.899157649,0.04249511,-2.008532233,1.80136311,0.358210079,0.443153031,0.060932189,0.245620126,0.633312448,0.219565482,0.559322757,0.277512607,0.439138446,-0.295376347,-0.312067693,-2.248454509,1.647812623,8,0.387834042,0.248074904,0.096211892,0.392555959,0.631947873,0.439138446,0.88317032
B1,B1A14,5,8,9.413262924,0.1212659,533.94,-0.550285833,199.205,109.4879525,0.34930205,0.890526433,-0.032988609,-4.87136863,1.819423922,0.606512109,0.212911814,0.088865154,0.24175365,0.659767393,0.218656699,0.481798273,0.406414046,0.501773591,-0.188716585,-0.357448872,-1.272609501,0.928636658,8,0.366422549,0.367585573,0.134691642,0.453834543,0.809955034,0.501773591,0.730254751
B1,B1A14,5,9,9.874044512,-0.23300125,489.06,-1.2581535,195.209,89.4787025,0.361039098,0.864609831,0.064901878,-4.45393605,2.181625287,0.785127774,0.396497513,0.114319152,0.297114199,0.760340654,0.243471295,0.56123468,0.469538523,0.52939387,-0.30797586,-0.258210435,-2.066944345,1.853599951,8,0.390764584,0.384765025,0.150352545,0.433813704,0.886936078,0.52939387,0.73813583
B1,B1A14,5,10,9.902422496,-0.753896933,465.3,-1.549352083,164.064,78.6590775,0.333801711,0.853054639,0.233280319,-5.988537984,2.08576054,0.738064111,0.34769643,0.438246651,0.470733981,0.997036815,0.479498623,0.692505504,0.913968528,0.679754859,-0.084127088,-0.223461633,-0.138601047,0.946432101,8,0.472132999,0.930985797,0.439549116,0.69241128,1.344556081,0.679754859,0.694563625
B1,B1A14,5,11,10.07977113,-0.66072695,479.18,-1.549352083,154.116,69.2187025,0.342211526,0.80515449,0.002740204,-5.229165712,2.226508074,0.761629527,0.464878548,0.472206793,0.422051246,1.009505096,0.509478229,0.707322852,0.926843909,0.596688266,-0.115128073,-0.164581006,-0.051319159,1.464101835,8,0.418077381,1.118837576,0.467760683,0.720290921,1.553313451,0.596688266,0.700662983
B1,B1A14,5,12,10.40158828,-0.659007883,433.66,-1.549352083,135.894,57.9707025,0.437709453,0.816552702,0.031035894,-2.911095163,2.344184116,0.667772218,0.676411898,0.49990813,0.553371743,1.026006945,0.712792493,0.825140298,0.701337535,0.67063958,-0.07781495,-0.058341054,-0.921064294,1.014707861,8,0.539345026,0.903385719,0.487236594,0.863843997,1.045774147,0.67063958,0.804224866
B1,B1A14,5,13,10.44274379,-0.63677245,405.7,-1.549352083,104.363,44.477625,0.441300184,0.807485451,0.084156084,-2.50839728,2.346415754,0.178965872,1.167449882,0.481830905,0.389722939,0.844395979,0.749139406,0.618808639,0.643179229,0.629795569,0.469861441,-0.259245819,0.439272517,-0.396319321,8,0.461540496,1.236342173,0.57062198,1.210615623,1.021250799,0.629795569,0.732841764
B1,B1A14,5,14,10.50580274,-0.40832675,433.38,-1.549352083,93.055,45.271275,0.566513178,0.799417799,0.196250913,-2.142573231,2.055497664,0.027463508,1.028034156,0.394577942,0.390955561,0.752319288,1.015657436,0.563009557,0.388495105,0.694403064,0.798926716,0.005052318,-0.587888549,-0.099108923,8,0.519667071,1.009265453,0.524482022,1.803979034,0.559466288,0.694403064,0.748365176
B1,B1A14,5,15,10.3969538,-0.071427333,478.2,-0.440715583,92.55,62.306525,0.688275733,0.875833674,0.262146057,-0.798469808,1.485398199,0.290734487,0.194663712,0.406328272,0.560304909,0.840868287,1.196165631,0.789607536,0.339692315,0.709599242,0.624808069,-0.109921779,-0.639191544,-0.131645109,8,0.666340874,0.725191348,0.483224637,1.51488629,0.478710087,0.709599242,0.939038312
B1,B1A16,2,1,9.781826021,0.518395017,524.6,-0.623814083,270.2498333,242.2665,0.967536591,0.999641788,0.703207956,-0.603608462,1.115506409,-0.00581014,0.121316549,0.382267689,0.44396214,0.481728565,0.712604386,0.479237059,0.536437463,0.92639359,0.432449101,0.054506827,-0.691235281,0.026545753,2,0.921602271,0.861036685,0.793533364,1.486955928,0.57905999,0.92639359,0.994827988
B1,B1A16,2,2,9.743528589,0.481813883,543.3,-0.623814083,250.9098333,177.758,0.978730733,0.992070559,0.944165902,-0.266048433,1.411524845,-0.041266856,0.4527917,0.261536116,0.713356408,0.724948525,0.650248919,0.723451836,0.402209228,0.986045474,-0.10663744,0.005451828,-0.835992343,0.002375811,2,0.984009738,0.366627555,0.360765084,0.898814388,0.407901297,0.986045474,0.997935455
B1,B1A16,2,3,9.733660157,0.201212317,553.4,-0.623814083,222.8848333,123.6255,0.890683407,0.998853704,0.879162704,0.346061949,1.802903392,-0.030527876,0.833431268,0.393692075,0.863475039,0.887602968,0.650957574,0.890402245,0.604789146,0.969758381,-0.235462802,-0.033454614,-0.61968585,0.008624313,2,0.972816754,0.45593915,0.443545244,0.731082584,0.623649311,0.969758381,1.003153748
B1,B1A16,2,4,9.519113581,0.1530159,594.28,-0.623814083,235.956,139.9005,0.736459343,0.959054465,0.256612964,-7.331333974,1.68659869,0.147508827,0.539089863,0.356064763,0.77993278,1.036167043,0.56926773,0.983763128,0.625478565,0.792805461,-0.343132268,-0.078204318,-0.452107611,0.074539159,2,0.752709503,0.45653263,0.343636449,0.578663414,0.788943311,0.792805461,0.949425225
B1,B1A16,2,5,9.507727826,0.469598267,593.18,-0.623814083,211.703,133.674,0.6288446,0.889447796,0.405958597,-20.06829355,1.58372608,0.214472312,0.369253768,0.520461586,0.816646493,1.123685213,0.604837587,0.97355659,0.860498086,0.838827965,-0.259745339,-0.118988682,-0.112522042,0.164857046,2,0.726757355,0.637315645,0.463173832,0.621265978,1.025833809,0.838827965,0.866396192
B1,B1A16,2,6,9.336048779,0.484303917,549.74,-0.550285833,176.988,100.298,0.576237475,0.640777353,0.066697833,-5.244178323,1.764621428,0.112506321,0.652115107,0.63746143,0.651167657,0.823661534,0.698899406,0.771375563,0.912093249,0.844164229,-0.088781253,-0.005175777,-0.006119964,0.173533144,2,0.790576748,0.978951308,0.773936142,0.90604297,1.080468963,0.844164229,0.936520077
B1,B1A16,2,7,9.195238759,0.102059667,540.84,-0.550285833,137.875,111.884,0.591420956,0.71010425,-0.417601896,-0.726830111,1.2323031,0.123821829,0.10848127,0.461978865,0.458637841,0.626517859,0.592687583,0.620021576,0.77946439,0.739712711,-0.042324459,-0.001761093,-0.142389712,0.252756324,2,0.732042726,1.007284667,0.737375413,0.955914448,1.053739348,0.739712711,0.989631129
B1,B1A16,2,8,9.413262924,0.1212659,533.94,-0.550285833,165.4227,128.898405,0.844560419,0.734277757,-0.854123598,-0.024716729,1.28335723,-0.15175402,0.43511125,0.487757097,0.295136243,0.47134169,0.75217145,0.471149936,0.648465315,0.626416817,0.596367459,9.13E-05,0.838260362,-0.766625863,2,0.626161975,1.652650624,1.034826979,1.596458776,1.035197807,0.626416817,0.999593175
B1,B1A16,2,9,9.874044512,-0.23300125,489.06,-1.2581535,156.0637,97.305405,0.846176364,0.843367213,0.722826403,-0.054161589,1.60385438,-0.003674886,0.607529266,0.459622667,0.460376572,0.488513579,0.727052111,0.487956965,0.632172935,0.943477818,0.489982399,9.88E-06,-0.518835598,-0.032203615,2,0.942402815,0.998362416,0.940859552,1.489992281,0.670045361,0.943477818,0.998860596
B1,B1A16,2,10,9.902422496,-0.753896933,465.3,-1.549352083,145.3807,74.881405,0.853554479,0.848277763,0.81038622,3.280485603,1.94147933,-0.008351069,0.949830399,0.606079907,0.757878012,0.740475547,0.882037302,0.784284629,0.687136366,0.966330314,0.125583495,-0.000944213,-0.465370587,-0.028997286,2,1.023501741,0.799706413,0.818500906,1.124639282,0.711078144,0.966330314,1.059163442
B1,B1A16,2,11,10.07977113,-0.66072695,479.18,-1.549352083,156.7187,59.084405,0.774015727,0.974172201,0.331764049,2.758655777,2.652454569,0.184666808,1.467787761,0.539255633,0.84275569,0.941214901,0.841734284,0.987904984,0.640648294,0.853073629,-0.237121209,0.089160926,-0.35662855,-0.07938806,2,0.89539136,0.639871838,0.572935715,0.852039717,0.750988275,0.853073629,1.049606188
B1,B1A16,2,12,10.40158828,-0.659007883,433.66,-1.549352083,135.1867,48.607405,0.871824057,0.959583355,0.316164362,2.271883921,2.781195581,0.124574977,1.656620604,0.736441429,1.031622589,1.177814332,1.075486693,1.224553794,0.684751781,0.84244775,-0.150824172,0.029092403,-0.287650013,-0.051686369,2,0.875878787,0.713867103,0.625261052,0.878268231,0.812812166,0.84244775,1.039683217
B1,B1A16,2,13,10.44274379,-0.63677245,405.7,-1.549352083,143.702,31.606,0.535089664,0.997092235,-0.345998935,0.185999161,4.546668354,-0.237431075,3.784099429,0.788809522,0.5348134,0.904234485,0.935044825,0.910119417,0.843606104,0.58762992,0.110872562,-0.083485597,-0.019015666,1.079985455,2,0.591454329,1.474924752,0.872350629,1.027386965,1.435607812,0.58762992,1.006508192
B1,B1A16,2,14,10.50580274,-0.40832675,433.38,-1.549352083,112.825,37.4103,0.684986902,0.999858311,-0.303332152,0.021631969,3.015880653,0.026273075,1.989607578,1.033751709,0.526425221,0.88833794,1.159671916,0.888916175,0.891417386,0.592210194,0.275745352,0.028845506,0.079178563,1.186563372,2,0.592595675,1.963719951,1.163691949,1.304590859,1.505238166,0.592210194,1.000650919
B1,B1A16,2,15,10.3969538,-0.071427333,478.2,-0.440715583,151.472,65.4673,0.497303397,0.841548549,-0.592457173,3.640155628,2.313704704,0.434307186,0.879397519,0.743393561,0.73057017,1.043691466,0.854601394,1.09929412,0.869871692,0.664581168,-0.257989024,0.035398253,0.15879087,0.554433861,2,0.699986724,1.017552579,0.712273296,0.777409229,1.308902109,0.664581168,1.053274991
B1,B1A17,2,1,9.781826021,0.518395017,524.6,-0.623814083,445.9641667,364.2925,0.835876553,0.987020554,0.690624926,-12.46079776,1.224192556,0.055727277,0.168465279,0.307146958,0.492440042,0.564258748,0.591187142,0.530053274,0.519542689,0.929038771,0.276150431,-0.160815102,-0.666740552,-0.020525665,2,0.872720261,0.623724578,0.544337077,1.115335329,0.559226057,0.929038771,0.939379807
B1,B1A17,2,2,9.743528589,0.481813883,543.3,-0.623814083,362.0295,291.387,0.621071535,0.923905851,0.738033296,-38.48484933,1.242435318,0.164652026,0.077783292,0.369545351,0.574416209,0.744692852,0.542826175,0.612618157,0.680780272,0.937641503,0.133230097,-0.247154213,-0.504686051,0.031843417,2,0.771346479,0.643340743,0.496238617,0.886075884,0.726056035,0.937641503,0.82264541
B1,B1A17,2,3,9.733660157,0.201212317,553.4,-0.623814083,271.8668333,197.1495,0.737782121,0.779071867,-0.123933108,-41.67990258,1.378988196,0.047185852,0.331802344,0.399606874,0.302786369,0.667391722,0.417399234,0.45597905,0.957373281,0.664035702,-0.045820894,-0.038787853,1.024130977,0.054511247,2,0.453686132,1.319765073,0.598759111,0.915391253,1.441749709,0.664035702,0.683225511
B1,B1A17,2,4,9.519113581,0.1530159,594.28,-0.623814083,235.2543333,188.191,0.854666486,0.864648145,-0.703662775,-30.38080907,1.250082806,0.009699973,0.240382833,0.495535409,0.268068853,0.857111195,0.595765433,0.695675159,0.831762605,0.385336244,-0.135505735,-0.008109751,3.074333012,0.584949694,2,0.312758548,1.848537804,0.578146,0.856384514,2.158537168,0.385336244,0.811651
B1,B1A17,2,5,9.507727826,0.469598267,593.18,-0.623814083,184.6873333,154.017,0.81389505,0.890047952,-0.564896578,-28.74199232,1.199136026,0.060410337,0.138725689,0.608683719,0.388656181,0.998207134,0.74274981,0.811591421,0.819500336,0.478881579,-0.018407522,-0.066415469,1.743623785,0.184854504,2,0.389354241,1.566123859,0.609776967,0.915177009,1.711279723,0.478881579,0.813049109
B1,B1A17,2,6,9.336048779,0.484303917,549.74,-0.550285833,142.1766667,135.9385,0.870436156,0.960305444,-0.603222079,-12.24616737,1.045889624,0.047484349,-0.001594725,0.286714135,0.412375739,0.95639186,0.650193411,0.866305774,0.440967456,0.476016381,-0.167592802,-0.081871497,-0.024653277,-0.117184718,2,0.431178638,0.695274012,0.299787301,0.750535701,0.926370339,0.476016381,0.905806302
B1,B1A17,2,7,9.195238759,0.102059667,540.84,-0.550285833,156.2110333,117.9565,0.791341593,0.998460395,-0.600738697,-2.37836017,1.324310516,0.029316569,0.294993947,0.434877451,0.486885227,0.75555595,0.853980183,0.735392922,0.509235998,0.662074944,0.445128554,-0.283871548,-0.018775668,-0.389630157,2,0.644406582,0.893182677,0.575572797,1.161257006,0.769151594,0.662074944,0.973313654
B1,B1A17,2,8,9.413262924,0.1212659,533.94,-0.550285833,180.8807,103.47834,0.835750604,0.99960838,-0.281336989,1.319614704,1.748005428,-0.02001535,0.768020778,0.403897233,0.65152573,0.769313518,0.744147847,0.782066088,0.542764767,0.833082703,0.29527719,-0.343761891,-0.201657188,-0.373872753,2,0.846892345,0.619925223,0.525009926,0.951515299,0.651513668,0.833082703,1.016576557
B1,B1A17,2,9,9.874044512,-0.23300125,489.06,-1.2581535,171.3837,88.69084,0.654121397,0.977446193,0.014376746,-6.289037725,1.932372047,0.171210451,0.761161595,0.47758879,0.434975341,0.60811109,0.691411399,0.537201426,0.690744744,0.80970623,0.651382525,-0.36432079,-0.143687248,-0.128566101,2,0.715289275,1.097967504,0.78536438,1.287061735,0.853080683,0.80970623,0.883393568
B1,B1A17,2,10,9.902422496,-0.753896933,465.3,-1.549352083,192.2877,104.40734,0.647817029,0.970102358,-0.031126535,-2.847427713,1.841706723,0.181468723,0.660238,0.356087542,0.4417413,0.661944474,0.578859468,0.63467218,0.615153697,0.69601491,0.010694475,-0.098633908,-0.354884923,0.136027285,2,0.667338904,0.806099728,0.53794171,0.912060567,0.883822585,0.69601491,0.958799725
B1,B1A17,2,11,10.07977113,-0.66072695,479.18,-1.549352083,180.0587,119.66784,0.47327357,0.913703073,0.12130669,-4.981285926,1.504654049,0.265475987,0.239178062,0.444647374,0.493462846,0.692667965,0.544498995,0.651042029,0.816617437,0.75795851,-0.078700411,-0.084949597,-0.010092857,0.17086354,2,0.712408933,0.901075689,0.64193437,0.836349992,1.077390683,0.75795851,0.93990492
B1,B1A17,2,12,10.40158828,-0.659007883,433.66,-1.549352083,151.318,119.99584,0.52462832,0.920200955,0.104404934,-4.081839156,1.261027049,0.202190957,0.058836092,0.427735256,0.48976579,0.683862637,0.459708546,0.649846131,0.930448779,0.753664239,-0.223676605,-0.068912018,0.484020114,0.040134842,2,0.716175682,0.873346534,0.62546955,0.707411377,1.234566708,0.753664239,0.950258277
B1,B1A17,2,13,10.44274379,-0.63677245,405.7,-1.549352083,126.585,133.2925,0.286321447,0.904588562,-0.314322178,-5.355088622,0.949678339,0.211978615,-0.262300276,0.320380004,0.307602589,0.551636023,0.343240511,0.511460554,0.933397993,0.601419966,-0.210859714,-0.11804159,0.680615907,0.728058186,2,0.55761875,1.041538711,0.580781514,0.671098696,1.551990365,0.601419966,0.927170332
B1,B1A17,2,14,10.50580274,-0.40832675,433.38,-1.549352083,122.436,125.1323,0.539180415,0.744109779,0.418435542,-8.857392632,0.978452406,0.148969781,-0.170517375,0.370545331,0.342829294,0.466860874,0.594607652,0.396076651,0.623176189,0.865563,0.555692723,-0.054448832,-0.525731173,0.044082644,2,0.734328605,1.080845007,0.793695406,1.501243891,0.719966298,0.865563,0.848382619
B1,B1A17,2,15,10.3969538,-0.071427333,478.2,-0.440715583,119.761,158.3323,0.947109936,0.94992894,0.495867218,-19.58188968,0.7563902,0.001527866,-0.245137667,0.334487749,0.618495109,0.823156244,0.966553411,0.699480344,0.346062354,0.884220858,0.386665015,-0.004848614,-0.812619467,-0.034205774,2,0.751370246,0.540809044,0.406347825,1.381816401,0.391375471,0.884220858,0.84975404
B1,B1A19,2,1,9.781826021,0.518395017,524.6,-0.623814083,507.4458746,182.8522,0.494852129,0.828961325,0.895325399,-25.39795662,2.775169643,0.524972501,1.250197142,0.528268663,0.602708285,0.757805774,0.55280876,0.618906944,0.955608342,0.973826987,0.037293563,-0.144091822,-0.060019325,0.02295273,4,0.795333456,0.876491457,0.697102979,0.893201741,0.981291702,0.973826987,0.816709196
B1,B1A19,2,2,9.743528589,0.481813883,543.3,-0.623814083,375.903208,136.8062,0.468131722,0.686093592,0.777895975,-36.74698194,2.747705937,0.484606677,1.26309926,0.497379016,0.527857615,0.827313475,0.543227956,0.55870736,0.915599079,0.944783716,0.098140131,-0.125845876,-0.104652918,0.04382656,4,0.638038218,0.94225981,0.60119777,0.972294255,0.969109716,0.944783716,0.675327281
B1,B1A19,2,3,9.733660157,0.201212317,553.4,-0.623814083,293.8745,111.95745,0.43285285,0.439259572,-0.843770512,-8.871025387,2.624876683,0.024944906,1.599931777,0.275539677,0.222272401,0.380178864,0.306869814,0.300943178,0.897904142,0.738585943,0.020927853,-0.001234313,1.30801508,-0.830071437,4,0.584652178,1.23964863,0.724763271,1.01969354,1.215707055,0.738585943,0.791583137
B1,B1A19,2,4,9.519113581,0.1530159,594.28,-0.623814083,287.6485,113.61795,0.413553714,0.496053837,-0.330878703,-8.331098824,2.531717039,0.260332509,1.27138453,0.298933791,0.237131883,0.373117795,0.329736697,0.299792244,0.906583324,0.790987386,0.115803061,-0.015919044,0.75727207,-0.443632153,4,0.635541607,1.260622515,0.801178059,1.099884017,1.146141316,0.790987386,0.803478815
B1,B1A19,2,5,9.507727826,0.469598267,593.18,-0.623814083,281.971,124.97425,0.482444253,0.469232074,-0.119314359,-7.589805876,2.256232784,-0.042219719,1.298452503,0.307188495,0.281040289,0.390135946,0.323700559,0.329404989,0.948989698,0.853175569,-0.019259978,0.001942602,0.613153478,-0.375935634,4,0.720365019,1.093040777,0.787388341,0.982682624,1.112302946,0.853175569,0.844333858
B1,B1A19,2,6,9.336048779,0.484303917,549.74,-0.550285833,245.369,140.678,0.326454989,0.556484308,-0.217551215,-37.39116789,1.744188857,0.400144509,0.344044348,0.087326291,0.162883609,0.523674548,0.1458442,0.257881973,0.598764233,0.631620767,-0.239917762,-0.194535919,-0.230255331,0.128922549,4,0.311039767,0.536126939,0.166756798,0.565546319,0.9479806,0.631620767,0.492447024
B1,B1A19,2,7,9.195238759,0.102059667,540.84,-0.550285833,230.8910667,132.639,0.296042086,0.642662106,-0.326683997,-13.40631343,1.740747945,0.47631474,0.264433205,0.205124407,0.298428266,0.527543578,0.248319633,0.426469886,0.826049897,0.699763982,-0.339387327,-0.078344988,0.235800866,0.157706898,4,0.565694055,0.687349125,0.388829314,0.582267685,1.180469298,0.699763982,0.808406933
B1,B1A19,2,8,9.413262924,0.1212659,533.94,-0.550285833,225.3504,115.624135,0.423916934,0.793720828,-0.409579411,5.743799707,1.948991013,0.427129886,0.521861127,0.192323667,0.462628563,0.557761135,0.228802809,0.607437612,0.840565149,0.761606712,-0.671288247,0.047957067,0.483929119,-0.265833917,4,0.829438507,0.415719396,0.344813675,0.37666882,1.103673503,0.761606712,1.089064071
B1,B1A19,2,9,9.874044512,-0.23300125,489.06,-1.2581535,209.4054,101.559135,0.488149051,0.834162651,-0.179112383,5.445425898,2.0619061,0.395215166,0.666690934,0.274595895,0.530339975,0.617522015,0.29061985,0.671140293,0.944862832,0.790207325,-0.620970255,0.053994249,0.400794445,0.028940159,4,0.858819544,0.517773329,0.444673855,0.433023994,1.195715102,0.790207325,1.086828123
B1,B1A19,2,10,9.902422496,-0.753896933,465.3,-1.549352083,190.2014,86.370135,0.463996883,0.945420762,0.372071813,2.777929704,2.202166293,0.344643559,0.857522734,0.267039567,0.466564758,0.503978332,0.285447812,0.536141414,0.935510996,0.870227045,-0.583876957,0.116288377,0.120826078,0.034840732,4,0.925763527,0.57235263,0.52986319,0.53241142,1.075019446,0.870227045,1.063818382
B1,B1A19,2,11,10.07977113,-0.66072695,479.18,-1.549352083,196.2074,78.412635,0.554642179,0.94551131,-0.236608988,1.815223252,2.502242145,0.346275817,1.155966328,0.307707521,0.310902605,0.412800812,0.312664032,0.435950439,0.984147484,0.713160435,-0.373980667,0.091181533,1.007262036,-0.102915894,4,0.753154053,0.989723199,0.745414039,0.717200866,1.379980486,0.713160435,1.056079412
B1,B1A19,2,12,10.40158828,-0.659007883,433.66,-1.549352083,210.067,82.028135,0.544013642,0.959094468,-0.336066799,1.718506611,2.560914008,0.329682287,1.231231721,0.264884474,0.282230308,0.395263272,0.285098693,0.416213481,0.929097468,0.678090262,-0.423903503,0.108885384,0.965309116,-0.08794921,4,0.7140312,0.938540142,0.670146944,0.68498188,1.370167838,0.678090262,1.053003178
B1,B1A19,2,13,10.44274379,-0.63677245,405.7,-1.549352083,183.151,87.0455,0.483382941,0.923565811,-0.138360449,-0.768856625,2.104083497,0.354736933,0.749346563,0.372880255,0.190399614,0.288875734,0.393846311,0.280042921,0.946765893,0.679894403,0.452154764,-0.045776375,0.766416214,0.172693027,4,0.659105602,1.958408666,1.290798123,1.406378389,1.392519027,0.679894403,0.969423486
B1,B1A19,2,14,10.50580274,-0.40832675,433.38,-1.549352083,190.78,80.169,0.417913746,0.937926715,0.518583483,-0.236854555,2.379722836,0.40871481,0.971008025,0.338247458,0.344914656,0.394368485,0.364670145,0.391414044,0.927543597,0.881201533,-0.054337106,-0.013989259,0.087657413,0.020287518,4,0.874599947,0.980670008,0.857693937,0.931673635,1.052589631,0.881201533,0.992508426
B1,B1A19,2,15,10.3969538,-0.071427333,478.2,-0.440715583,195.625,74.2595,0.445848311,0.982668468,-0.247206354,0.883802074,2.634343081,0.275407029,1.358936051,0.323005519,0.38076845,0.571132235,0.349793256,0.58303377,0.923418372,0.653081295,-0.48709172,0.0870454,0.919950874,0.079278075,4,0.666690525,0.848299063,0.565552948,0.599953679,1.413940928,0.653081295,1.020838494
B1,B1A20,15,1,9.781826021,0.518395017,524.6,-0.623814083,626.3427668,277.2764563,0.691824411,0.922313282,0.505013509,-1.725187919,2.258910747,0.229571202,1.029339544,0.250086183,0.434040534,0.610832468,0.783687604,0.52372579,0.319114635,0.828755318,0.428783923,0.067586161,-0.902534048,0.05079978,16,0.71057214,0.576181633,0.409418616,1.496370084,0.385052895,0.828755318,0.857396779
B1,B1A20,15,2,9.743528589,0.481813883,543.3,-0.623814083,679.8651001,207.6408031,0.697106648,0.916851553,0.59579041,-1.108964894,3.274236518,-0.966201996,3.240438513,0.166581457,0.53389866,0.66419548,0.774670366,0.589424489,0.215035277,0.905796535,0.358304501,-0.044021875,-0.826491204,-0.117150466,16,0.803827603,0.312009505,0.250801852,1.314282626,0.237399094,0.905796535,0.887426228
B1,B1A20,15,3,9.733660157,0.201212317,553.4,-0.623814083,659.6733334,154.0435063,0.666993217,0.900791619,0.294082985,-1.108686452,4.282383266,-0.285098357,3.567481623,0.204078109,0.334556961,0.590170736,0.723903361,0.489409525,0.28191347,0.683593074,0.483749021,-0.004612787,-0.918960408,0.08903379,16,0.566881651,0.609995105,0.345795032,1.479136234,0.412399542,0.683593074,0.829267693
B1,B1A20,15,4,9.519113581,0.1530159,594.28,-0.623814083,633.6256667,150.0091,0.689091964,0.897757731,0.216328221,-1.2270805,4.223914861,-0.738248937,3.962163798,0.262351223,0.330329181,0.663972445,0.79392578,0.549451879,0.330448047,0.601197654,0.364965047,0.079976376,-0.722434742,0.024549418,16,0.497504351,0.794211467,0.395123661,1.444941423,0.549649594,0.601197654,0.827522111
B1,B1A20,15,5,9.507727826,0.469598267,593.18,-0.623814083,611.6871667,138.3299719,0.695144293,0.905713464,0.140054734,-1.449703637,4.421942392,-0.903312849,4.325255241,0.277283153,0.301904555,0.74466968,0.778024366,0.59794912,0.35639392,0.504900074,0.199951424,0.101203372,-0.414931364,-0.086815888,16,0.40542077,0.918446404,0.372357249,1.301154796,0.705870206,0.504900074,0.802972293
B1,B1A20,15,6,9.336048779,0.484303917,549.74,-0.550285833,585.193,138.9233469,0.6956809,0.882779017,-0.005209958,-1.069364062,4.212344528,-2.004792533,5.217137061,0.214070237,0.307394587,0.751891038,0.864966243,0.644125877,0.247489702,0.477227508,0.36867622,-0.025823411,-0.231542907,-0.499512186,16,0.408828636,0.696402105,0.284709122,1.34285281,0.518598985,0.477227508,0.856674497
B1,B1A20,15,7,9.195238759,0.102059667,540.84,-0.550285833,537.4496667,147.40075,0.676279913,0.873102306,-0.010856616,-1.766222301,3.64618,-0.970484548,3.616664548,0.215859389,0.209634002,0.727721954,0.870869722,0.559967636,0.247866454,0.374368068,0.491159706,0.064054677,-0.838362019,0.276729075,16,0.288068817,1.029696457,0.29662344,1.555214383,0.662092936,0.374368068,0.769480202
B1,B1A20,15,8,9.413262924,0.1212659,533.94,-0.550285833,552.8066,161.223945,0.668161663,0.854206753,0.010452678,-3.163953259,3.428812017,-0.710561312,3.139373329,0.212127678,0.188131168,0.747983712,0.862223161,0.473239501,0.246024101,0.397539022,0.804172328,0.017787081,-1.560180763,0.94317812,16,0.251517734,1.127552015,0.283599328,1.821959409,0.618867802,0.397539022,0.632686906
B1,B1A20,15,9,9.874044512,-0.23300125,489.06,-1.2581535,578.3133,143.2658825,0.645970932,0.844751739,0.172953091,-2.072782171,4.036643546,-0.013826786,3.050470332,0.168750303,0.349383343,0.735969667,0.803133238,0.533416555,0.210114954,0.654991563,0.538660192,-0.033020311,-0.978441183,0.081347613,16,0.474725194,0.482994701,0.229289753,1.505639882,0.320790321,0.654991563,0.724780624
B1,B1A20,15,10,9.902422496,-0.753896933,465.3,-1.549352083,563.3263,129.08907,0.626205077,0.814774883,0.313820149,-2.242018951,4.363857451,0.237564928,3.126292523,0.192959543,0.467994336,0.848783174,0.746099027,0.605631176,0.258624574,0.772738185,0.145927203,0.086009092,-0.815587204,-0.072398146,16,0.551370892,0.412311706,0.227336673,1.231936295,0.334685899,0.772738185,0.713528725
B1,B1A20,15,11,10.07977113,-0.66072695,479.18,-1.549352083,475.7003,115.09307,0.624707063,0.831540544,0.200878958,-1.992656357,4.133179348,0.145249558,2.98792979,0.24679032,0.422725682,0.914547401,0.572982645,0.672159315,0.430711683,0.628906976,-0.098509324,-0.049040026,-0.094096819,-0.436873333,16,0.462223917,0.583807254,0.269849676,0.852450651,0.684857538,0.628906976,0.734963889
B1,B1A20,15,12,10.40158828,-0.659007883,433.66,-1.549352083,425.4523,105.5043825,0.591710001,0.823679028,0.167612293,-1.712637094,4.032555709,0.009512708,3.023043001,0.39535977,0.485952888,0.976668787,0.636107863,0.749408851,0.621529449,0.64844829,-0.076743571,-0.074443577,0.293476294,-0.374778394,16,0.497561603,0.813576336,0.404804346,0.848812852,0.958487298,0.64844829,0.76731115
B1,B1A20,15,13,10.44274379,-0.63677245,405.7,-1.549352083,409.6627,85.8466875,0.552113351,0.819073916,0.045295448,-1.405429895,4.772026876,0.942155572,2.829871304,0.370202342,0.263924264,0.822622341,0.75515306,0.593422833,0.490234844,0.444749089,0.315876878,-0.043338955,-0.152330383,0.367335809,16,0.320832843,1.402683998,0.450027094,1.272537923,1.102272846,0.444749089,0.721379427
B1,B1A20,15,14,10.50580274,-0.40832675,433.38,-1.549352083,375.193,88.80965,0.498393454,0.783928464,0.072177988,-1.742065521,4.224687295,0.486528225,2.73815907,0.334219525,0.240164501,0.828237083,0.775119536,0.553616957,0.431184493,0.433809872,0.420707944,-0.020607157,-0.561816251,0.549749056,16,0.289970717,1.391627503,0.403531225,1.400100786,0.99394809,0.433809872,0.668428121
B1,B1A20,15,15,10.3969538,-0.071427333,478.2,-0.440715583,366.698,93.9542125,0.430941646,0.771917485,0.057060004,-1.954426901,3.902943681,0.563718875,2.339224806,0.322958134,0.191997907,0.837233805,0.87431295,0.546007091,0.369385052,0.351639951,0.590471282,0.010813692,-0.807296274,0.910770543,16,0.229324121,1.682091954,0.38574426,1.601284973,1.050463835,0.351639951,0.652156049
B1,B1A21,2,1,9.781826021,0.518395017,524.6,-0.623814083,331.1010152,147.49225,0.78519965,0.999854145,0.96521954,0.039353322,2.244870596,0.016520791,1.228349806,0.848070924,0.881968032,0.889461709,0.909548975,0.889728525,0.932408201,0.991277684,0.011363958,0.010913006,-0.119234482,0.003986397,4,0.991575042,0.961566512,0.953465354,1.022276964,0.940612521,0.991277684,1.000299975
B1,B1A21,2,2,9.743528589,0.481813883,543.3,-0.623814083,182.3690152,80.201,0.802910842,0.999999909,0.971751229,-0.005180164,2.273899518,0.000412161,1.273487357,0.829982685,0.658907949,0.663319968,1.025264633,0.663255378,0.809530202,0.993445316,0.685587686,-0.139780948,-0.337710831,0.001726272,4,0.993348581,1.259633741,1.251255389,1.545806738,0.814871426,0.993445316,0.999902627
B1,B1A21,2,3,9.733660157,0.201212317,553.4,-0.623814083,98.22583333,64.3435,0.921060656,0.997971245,0.000168024,0.515701626,1.526585177,-0.030906573,0.55749175,0.81380497,0.360982961,0.471106672,1.12008133,0.479121493,0.726558821,0.753426774,1.457917662,-0.120136232,0.04806599,-0.118116285,4,0.766244636,2.254413804,1.727432486,2.337781431,0.964338999,0.753426774,1.017012752
B1,B1A21,2,4,9.519113581,0.1530159,594.28,-0.623814083,83.61016667,60.61975,0.976051354,0.994613183,0.023374134,1.077012618,1.379256211,-0.032170575,0.411426786,1.037508819,0.369431066,0.44050887,1.314981434,0.458275565,0.78899123,0.806133021,1.989748174,-0.120336111,0.168913339,-0.210989616,4,0.838646146,2.808396248,2.355250689,2.869412063,0.978735778,0.806133021,1.040332208
B1,B1A21,2,5,9.507727826,0.469598267,593.18,-0.623814083,69.88916667,59.96875,0.994020285,0.999466187,-0.204212018,0.385405187,1.165426437,0.002023513,0.163402925,1.134861011,0.378357557,0.508482191,1.165582942,0.514908958,0.973642433,0.734804766,1.23440153,0.029266489,0.951385762,-0.195666568,4,0.744092051,2.999440586,2.231859897,2.263668019,1.325035544,0.734804766,1.012639119
B1,B1A21,2,6,9.336048779,0.484303917,549.74,-0.550285833,44.66133333,58.81375,0.913103359,0.999972407,-0.26110819,0.08963745,0.759368912,-0.001642595,-0.238988493,0.71569207,0.373980836,0.520206985,0.836542947,0.521731075,0.855535358,0.716807669,0.768586064,-0.165187326,0.425884329,-0.001357478,4,0.718907755,1.913713221,1.375783276,1.603398738,1.193535442,0.716807669,1.002929776
B1,B1A21,2,7,9.195238759,0.102059667,540.84,-0.550285833,50.50633333,61.4925,0.849297322,0.999835886,-0.736614141,-0.24695416,0.821341356,0.00537586,-0.184034504,0.643497128,0.292749806,0.459381054,0.711241453,0.455365049,0.904752002,0.642890371,0.815589145,-0.253674251,1.166394579,-0.185847081,4,0.63727009,2.198112912,1.400791614,1.561914894,1.40731926,0.642890371,0.991257792
B1,B1A21,2,8,9.413262924,0.1212659,533.94,-0.550285833,68.8312,59.452045,0.75733847,0.861960659,-0.746156233,-3.17072412,1.157760006,0.081177234,0.076582772,0.413438586,0.239183838,0.6145244,0.513867882,0.561191935,0.804562029,0.426206834,-0.055007233,-0.029320516,1.512012037,1.051500134,4,0.389217805,1.728538975,0.672778145,0.915672251,1.88772672,0.426206834,0.913213429
B1,B1A21,2,9,9.874044512,-0.23300125,489.06,-1.2581535,71.5969,49.102045,0.779185764,0.782976064,-0.110739764,-5.354314017,1.458124606,0.00478037,0.453344236,0.322564963,0.574154508,0.91024984,0.448617761,0.801205217,0.7190196,0.716613542,-0.438954347,-0.001116996,-0.184079983,0.190806336,4,0.630765843,0.56180864,0.3543697,0.559928657,1.00335754,0.716613542,0.880203633
B1,B1A21,2,10,9.902422496,-0.753896933,465.3,-1.549352083,63.5649,44.082045,0.663379605,0.724995605,-0.027946017,-10.07163534,1.441968039,0.077677332,0.364290707,0.421786472,0.681778957,1.154310495,0.513825327,0.925835719,0.820875207,0.736393015,-0.420999665,-0.024014912,0.009295621,0.233314699,4,0.590637406,0.61865575,0.365401228,0.554985422,1.114724325,0.736393015,0.802068181
B1,B1A21,2,11,10.07977113,-0.66072695,479.18,-1.549352083,65.5009,37.647045,0.575961945,0.553061273,-0.181120846,-7.567969183,1.739868295,-0.048825222,0.788693517,0.4334894,0.721399439,1.110474221,0.58571941,0.909449965,0.740097378,0.793226089,-0.360990845,0.005027826,-0.084313112,-0.045156869,4,0.649631865,0.600900661,0.390364217,0.644036981,0.933021982,0.793226089,0.818974406
B1,B1A21,2,12,10.40158828,-0.659007883,433.66,-1.549352083,55.5419,37.955045,0.460283753,0.769680009,-0.366431403,-6.641557754,1.463360141,0.294857764,0.168502376,0.655476359,0.717771293,1.307116177,0.771922181,1.13213133,0.849148237,0.634000026,-0.246154358,-0.072014691,0.264124088,0.52973561,4,0.549125858,0.913210609,0.501467559,0.681830951,1.339350476,0.634000026,0.866129078
B1,B1A21,2,13,10.44274379,-0.63677245,405.7,-1.549352083,42.3217,31.883,0.379572609,0.871136997,-0.266819457,-5.130794916,1.327406455,0.291626461,0.035779994,0.636916957,0.54281256,1.054791679,0.830994227,0.893865953,0.766451723,0.60726394,0.118400577,-0.188737439,-0.06104289,0.654038665,4,0.514615892,1.173364442,0.603831989,0.929663138,1.262139364,0.60726394,0.847433641
B1,B1A21,2,14,10.50580274,-0.40832675,433.38,-1.549352083,41.409,35.34805,0.025519789,0.854080554,-0.584645788,-6.583946174,1.171464904,0.355815791,-0.184350887,0.658074821,0.323796912,0.894993823,0.664134779,0.708733303,0.990875409,0.456867076,0.26582929,-0.328756378,0.041491628,3.66241159,4,0.361786756,2.032369049,0.735284205,0.937072912,2.168848362,0.456867076,0.791886251
B1,B1A21,2,15,10.3969538,-0.071427333,478.2,-0.440715583,55.698,45.17305,0,0.992575236,-0.451166668,-1.289542021,1.232991795,0.113481262,0.119510533,0.729545568,0.425415755,0.770132221,0.729545568,0.74158551,1,0.573657049,0.325021391,-0.341256797,0,2.038752512,4,0.552393139,1.71490021,0.94729911,0.983764594,1.743201799,0.573657049,0.962932714
B2,B2A01,4,1,9.781826021,0.518395017,524.6,-0.623814083,716.01,347.203825,0.595331515,0.928646909,0.920781143,-5.819553156,2.062218065,0.477660214,0.584557851,0.276863229,0.532322419,0.597634491,0.546539228,0.547350887,0.506575219,0.972543265,0.118805198,-0.120288085,-0.701758634,-0.02692873,4,0.890715692,0.520104394,0.463265145,0.998517113,0.520876795,0.972543265,0.91586228
B2,B2A01,4,2,9.743528589,0.481813883,543.3,-0.623814083,609.3243333,239.93915,0.500985805,0.914339203,0.931164781,-9.198221404,2.539495257,0.770438736,0.769056521,0.330982613,0.626724371,0.756671382,0.536262032,0.641664455,0.617203145,0.976716671,-0.014611613,-0.149652471,-0.628819192,0.028137351,4,0.828264932,0.528115114,0.437419229,0.835735917,0.63191626,0.976716671,0.848009414
B2,B2A01,4,3,9.733660157,0.201212317,553.4,-0.623814083,544.2263333,184.143525,0.493987513,0.848750842,0.533396636,-2.120929144,2.955446483,0.946034953,1.00941153,0.215528341,0.408462491,0.563516037,0.471066958,0.528962623,0.457532283,0.772195375,0.048294534,-0.157745868,-0.779056664,0.130122925,4,0.724846259,0.527657608,0.382470643,0.890548666,0.592508448,0.772195375,0.938682466
B2,B2A01,4,4,9.519113581,0.1530159,594.28,-0.623814083,521.3585,196.451775,0.493531658,0.837681222,0.345327328,-1.948796795,2.653875232,0.90644488,0.747430353,0.236113049,0.383287935,0.604072359,0.457106954,0.574312432,0.516537864,0.667385753,-0.089065076,-0.11501457,-0.543768856,0.14280146,4,0.634506661,0.616020041,0.390868819,0.795920354,0.773971966,0.667385753,0.9507345
B2,B2A01,4,5,9.507727826,0.469598267,593.18,-0.623814083,489.226,192.920325,0.530382203,0.82136318,0.301634334,-3.305533769,2.53589662,0.836939425,0.698957195,0.313921349,0.378661188,0.656914988,0.559039722,0.605512414,0.561536751,0.625356606,0.045036882,-0.121786244,-0.336486654,0.142794499,4,0.576423426,0.829029643,0.477872107,0.923250638,0.89794646,0.625356606,0.921751558
B2,B2A01,4,6,9.336048779,0.484303917,549.74,-0.550285833,453.8463333,210.159075,0.419688919,0.773225875,0.124927031,-3.133110973,2.159537167,0.893716956,0.26582021,0.228822109,0.465782279,0.749411528,0.380451982,0.704686679,0.601448066,0.66097784,-0.414597651,-0.045514206,-0.222461848,0.050446842,4,0.62153071,0.491264093,0.30533572,0.539888142,0.909936808,0.66097784,0.940320041
B2,B2A01,4,7,9.195238759,0.102059667,540.84,-0.550285833,438.1372,235.27,0.458024883,0.785048034,-0.092978733,-5.173891494,1.862273983,0.737914891,0.124359092,0.274787458,0.26339297,0.639297336,0.406717934,0.573323457,0.67562169,0.459414257,-0.211532821,-0.079063214,0.553099017,0.609610695,4,0.41200386,1.043260411,0.429827316,0.709403966,1.47061542,0.459414257,0.896802512
B2,B2A01,4,8,9.413262924,0.1212659,533.94,-0.550285833,399.6814,248.48731,0.391941245,0.796342163,-0.052357549,-9.252936191,1.608457993,0.61803476,-0.009576767,0.228041349,0.233044006,0.623439823,0.426502765,0.511728651,0.534677306,0.455405429,-0.040332102,-0.126212972,-0.712827794,1.091265343,4,0.373803529,0.978533425,0.365779248,0.833454926,1.1740688,0.455405429,0.820814828
B2,B2A01,4,9,9.874044512,-0.23300125,489.06,-1.2581535,391.6014,221.37431,0.393069609,0.808993423,0.152094698,-7.044823842,1.768955937,0.671895083,0.097060854,0.222510181,0.425204888,0.760182383,0.411874753,0.664712988,0.540237485,0.639681932,-0.302429642,-0.077942398,-0.70400945,0.417258599,4,0.559345885,0.523301088,0.29270631,0.61962796,0.844540792,0.639681932,0.874412513
B2,B2A01,4,10,9.902422496,-0.753896933,465.3,-1.549352083,427.5464,202.87131,0.312610163,0.748731746,0.376463101,-12.5798933,2.107475917,0.694502069,0.412973848,0.204132852,0.504354783,0.802758209,0.339606317,0.616730525,0.601086733,0.817787937,-0.416605858,-0.032738218,-0.816088019,0.356335667,4,0.628277329,0.404740588,0.254289336,0.550655924,0.735015407,0.817787937,0.768264364
B2,B2A01,4,11,10.07977113,-0.66072695,479.18,-1.549352083,383.5504,161.82331,0.288374503,0.733518566,0.384576886,-11.6705554,2.370180167,0.164438468,1.2057417,0.206387278,0.414469409,0.693557971,0.390249654,0.477200598,0.528859604,0.868543356,-0.125261231,-0.056949236,-0.630375728,0.001139922,4,0.597598797,0.497955394,0.297577544,0.817789534,0.608904092,0.868543356,0.688047169
B2,B2A01,4,12,10.40158828,-0.659007883,433.66,-1.549352083,384.5152,141.57881,0.208550181,0.728534568,0.328748478,-6.340203674,2.715909252,0.494170231,1.221739021,0.203102308,0.495327783,0.698675654,0.329677891,0.5643292,0.616062871,0.87772843,-0.317261268,-0.098544451,-0.309632493,-0.19772743,4,0.708952402,0.410036172,0.290696129,0.584194281,0.701883236,0.87772843,0.807712702
B2,B2A01,4,13,10.44274379,-0.63677245,405.7,-1.549352083,379.208,115.38525,0.245437762,0.693299499,-0.09359524,-8.28313723,3.286451258,1.009859262,1.276591996,0.207728871,0.208923256,0.559727304,0.337358601,0.344366921,0.615750928,0.606687934,0.100889945,-0.121241261,-0.457974577,0.488074689,4,0.373259003,0.994283142,0.371125135,0.979648683,1.014938477,0.606687934,0.615240526
B2,B2A01,4,14,10.50580274,-0.40832675,433.38,-1.549352083,352.236,124.22235,0.257502267,0.633764448,-0.214387343,-11.42398619,2.835528389,0.910428478,0.925099911,0.249298738,0.14406619,0.65294307,0.360661442,0.377051022,0.691226476,0.382086725,0.112216927,-0.155684731,0.586831485,1.685948653,4,0.220641273,1.730445828,0.38180777,0.956532196,1.809082679,0.382086725,0.577463855
B2,B2A01,4,15,10.3969538,-0.071427333,478.2,-0.440715583,328.266,142.82035,0.261950418,0.637457329,0.140799537,-17.20803955,2.298453967,0.988874543,0.309579424,0.127304077,0.340778736,0.8389051,0.266565205,0.477443175,0.477571994,0.713757685,-0.312105067,-0.129576752,-0.975918118,0.42360679,4,0.406218457,0.373568134,0.151750271,0.558318181,0.669095414,0.713757685,0.569126562
B2,B2A06,4,1,9.781826021,0.518395017,524.6,-0.623814083,541.5215,214.485125,0.813059139,0.908247332,0.296201681,-3.007864507,2.524750842,0.355591098,1.169159745,0.523794171,0.347445303,0.50827697,0.970029777,0.466206017,0.539977415,0.7452613,1.075295938,0.005393159,-0.555569888,0.080539363,4,0.68357475,1.50755865,1.030529027,2.080689097,0.724547772,0.7452613,0.917228293
B2,B2A06,4,2,9.743528589,0.481813883,543.3,-0.623814083,557.8325,164.443175,0.771284392,0.920512326,0.683147816,-0.543553196,3.392250849,0.462938185,1.929312664,0.499321255,0.561983731,0.659902049,0.866737073,0.6499858,0.576093108,0.864609244,0.294936712,0.038534071,-0.527355901,-0.028682292,4,0.85161689,0.888497704,0.756659651,1.333470783,0.666304591,0.864609244,0.984973149
B2,B2A06,4,3,9.733660157,0.201212317,553.4,-0.623814083,584.1568333,120.13755,0.714246518,0.923839168,0.392487478,0.283639957,4.862400085,0.894870298,2.967529786,0.426631629,0.475754741,0.643544478,0.742670656,0.650627358,0.57445602,0.731224617,0.070101508,0.071367024,-0.383249894,0.000430063,4,0.739272509,0.896746985,0.662940393,1.141468532,0.785608152,0.731224617,1.011006046
B2,B2A06,4,4,9.519113581,0.1530159,594.28,-0.623814083,586.7888333,118.92255,0.710786744,0.941235844,0.477944754,1.868693953,4.934209982,0.801755368,3.132454615,0.419177143,0.472393449,0.629506563,0.727051812,0.676647175,0.576543702,0.698138507,-0.024699282,0.099191038,-0.379154733,0.061149871,4,0.750418624,0.887347494,0.665882085,1.074491756,0.825829969,0.698138507,1.074885022
B2,B2A06,4,5,9.507727826,0.469598267,593.18,-0.623814083,441.9643333,98.1093,0.753257814,0.892324708,0.625897588,0.655699002,4.504815887,0.555253058,2.949562829,0.427637127,0.522675,0.593373964,0.631030362,0.613424021,0.677680747,0.852061514,0.012277426,0.016424322,-0.200750846,-0.166679439,4,0.880852601,0.818170235,0.720687379,1.028701747,0.795342515,0.852061514,1.033789916
B2,B2A06,4,6,9.336048779,0.484303917,549.74,-0.550285833,333.5583333,86.2123,0.831525585,0.878239393,0.405344146,0.618079174,3.869034156,0.246539712,2.622494443,0.41472681,0.485751449,0.600323398,0.667585313,0.621831205,0.621234173,0.78116287,0.102961594,-0.029381968,-0.137649684,-0.229898431,4,0.809149619,0.85378399,0.69083899,1.073579626,0.795268436,0.78116287,1.035827035
B2,B2A06,4,7,9.195238759,0.102059667,540.84,-0.550285833,298.8733333,90.397,0.868232547,0.871029309,0.359423437,0.170146541,3.306230664,0.000366922,2.305863742,0.317112079,0.408393672,0.538446634,0.664000792,0.544093277,0.477577863,0.750594961,0.280819421,-0.060438984,-0.344674621,-0.250491278,4,0.758466385,0.77648627,0.588938735,1.220380437,0.636265747,0.750594961,1.010486914
B2,B2A06,4,8,9.413262924,0.1212659,533.94,-0.550285833,297.2852,98.720825,0.871839055,0.854345902,0.535200433,-1.094361033,3.011372727,-0.20885905,2.220231777,0.311706246,0.389037862,0.513387739,0.644364679,0.480131503,0.48374198,0.810273559,0.364201631,-0.022142892,-0.50809135,-0.135486881,4,0.75778565,0.801223419,0.607155609,1.342058739,0.597010694,0.810273559,0.935221989
B2,B2A06,4,9,9.874044512,-0.23300125,489.06,-1.2581535,280.3822,79.151825,0.877751624,0.889523464,0.525678038,-0.033391107,3.542333989,0.048289256,2.494044733,0.316983183,0.342636386,0.440437489,0.673486786,0.439171905,0.470659839,0.780187399,0.579470823,-0.045932864,-0.636623685,0.000552481,4,0.777945553,0.92512995,0.71970073,1.533537959,0.603265113,0.780187399,0.997126529
B2,B2A06,4,10,9.902422496,-0.753896933,465.3,-1.549352083,264.3872,70.999325,0.842661341,0.932855661,0.569823646,1.826039748,3.723798783,0.369652185,2.354146598,0.406711697,0.512427147,0.497840489,0.701775478,0.574997831,0.579546749,0.891181008,0.247220649,-0.026736953,-0.523806023,-0.053286753,4,1.029299863,0.793696626,0.816951828,1.220483696,0.650313174,0.891181008,1.154984065
B2,B2A06,4,11,10.07977113,-0.66072695,479.18,-1.549352083,288.7412,62.682825,0.805828368,0.978159899,0.451388223,0.024844362,4.606384604,0.494669395,3.111715209,0.333357004,0.560787686,0.667326013,0.612674481,0.668515065,0.544101337,0.83885572,-0.097842311,0.014313029,-0.874500214,0.295212356,4,0.840350405,0.594444231,0.49954145,0.916470718,0.648623266,0.83885572,1.001781814
B2,B2A06,4,12,10.40158828,-0.659007883,433.66,-1.549352083,247.4942,55.853825,0.809837484,0.981057164,0.519062239,-0.059442506,4.431105658,0.438959711,2.992145948,0.438996388,0.691236933,0.822042817,0.733966404,0.818850063,0.598115098,0.844155681,-0.166577146,0.062915117,-0.721948179,0.223972129,4,0.840877042,0.635088155,0.534031049,0.896337971,0.708536484,0.844155681,0.996116073
B2,B2A06,4,13,10.44274379,-0.63677245,405.7,-1.549352083,203.846,41.2805,0.803111603,0.964372542,0.114131241,-0.866973433,4.938070033,-0.593064865,4.531134898,0.359497971,0.332043921,0.645079984,0.819590798,0.582073957,0.438631049,0.570449712,0.280222619,0.127830064,-0.821506077,0.412746351,4,0.514732947,1.082681982,0.557292088,1.408052684,0.768921501,0.570449712,0.902328349
B2,B2A06,4,14,10.50580274,-0.40832675,433.38,-1.549352083,201.802,38.7782,0.779222746,0.942954489,0.028381753,-0.817213793,5.204006375,-0.684905483,4.888911858,0.353523248,0.296893086,0.689423466,0.900445205,0.62620131,0.392609396,0.474117638,0.340477023,0.097471429,-0.078232697,-0.236043611,4,0.430639659,1.190742611,0.512780992,1.437948452,0.828084351,0.474117638,0.908297065
B2,B2A06,4,15,10.3969538,-0.071427333,478.2,-0.440715583,200.694,56.4707,0.797387215,0.91640874,0.307850033,1.297180019,3.553949216,-0.119514268,2.673463484,0.361540411,0.594030439,0.717250358,0.966031177,0.78616291,0.374253357,0.755607307,0.144776066,0.084016548,-0.52792764,-0.226748883,4,0.828205148,0.608622702,0.504064455,1.228792614,0.4953014,0.755607307,1.096078798
B2,B2A09,4,1,9.781826021,0.518395017,524.6,-0.623814083,230.6358333,151.1775313,0.718999547,0.828248132,-0.051730561,0.099161481,1.525595976,-0.128145884,0.65374186,0.640455237,0.339967571,0.805429517,1.132637494,0.807397299,0.565454738,0.421066025,0.503731496,-0.100906027,-0.05374233,0.857155739,4,0.422094751,1.883871557,0.795172295,1.402825469,1.342912286,0.421066025,1.002443146
B2,B2A09,4,2,9.743528589,0.481813883,543.3,-0.623814083,223.5951667,109.6622938,0.863741999,0.819956112,-0.052439443,0.406995739,2.038943004,-0.921684646,1.96062765,0.62005015,0.449955611,0.859622032,0.987234591,0.870756098,0.62806769,0.51674127,0.149105582,-0.01533851,0.509031928,-0.031739031,4,0.523434248,1.378025151,0.721305558,1.133767072,1.215439384,0.51674127,1.012952281
B2,B2A09,4,3,9.733660157,0.201212317,553.4,-0.623814083,218.0845,86.8333375,0.837242318,0.769299343,-0.020433696,-0.360977095,2.51152963,-0.618773495,2.130303125,0.615429082,0.525161165,0.747185442,0.760393045,0.734714065,0.809356537,0.714783056,0.033638067,0.001312918,0.305269519,-0.023141891,4,0.702852512,1.171886123,0.823663105,1.034950984,1.132310747,0.714783056,0.98330886
B2,B2A09,4,4,9.519113581,0.1530159,594.28,-0.623814083,293.0968333,91.8549625,0.77189489,0.774774245,-0.041254698,-3.10959305,3.190865527,-0.694871386,2.885736913,0.383881858,0.546898284,0.857166672,0.51509244,0.75560679,0.745267895,0.723786884,-0.347893486,0.029587254,0.05066672,0.009571382,4,0.638030271,0.701925512,0.447849725,0.681693768,1.02967864,0.723786884,0.881516763
B2,B2A09,4,5,9.507727826,0.469598267,593.18,-0.623814083,325.3578333,84.1355125,0.757629351,0.759069131,0.124551552,-4.297047287,3.867069014,-0.642530444,3.509599458,0.181912508,0.578527801,0.805408677,0.369201265,0.652189882,0.49271908,0.887054242,-0.3963478,-0.037557454,-0.605600846,-0.085868439,4,0.718303413,0.314440391,0.225863606,0.566094746,0.555455413,0.887054242,0.809762671
B2,B2A09,4,6,9.336048779,0.484303917,549.74,-0.550285833,333.5826667,86.1807625,0.801701928,0.803170827,0.05447599,-6.583523676,3.870732365,-0.697271359,3.568003724,0.163987378,0.59486162,0.972519312,0.48005371,0.743343212,0.341602147,0.800251634,-0.305061057,-0.04913536,-0.760518249,-0.057265107,4,0.611670753,0.275673152,0.168621204,0.645803583,0.426868415,0.800251634,0.764348022
B2,B2A09,4,7,9.195238759,0.102059667,540.84,-0.550285833,304.1404333,98.906,0.778568916,0.802344267,-0.097436802,-13.01057821,3.075045329,-0.431079666,2.506124995,0.245958359,0.405277636,0.997486052,0.539763868,0.602851403,0.455677703,0.672267883,-0.060253389,-0.044395178,-0.697114846,0.156556988,4,0.406299051,0.606888555,0.246578244,0.895351434,0.677821616,0.672267883,0.604370759
B2,B2A09,4,8,9.413262924,0.1212659,533.94,-0.550285833,295.5009,107.2563525,0.785798564,0.775878894,-0.112596266,-15.44116186,2.755089961,-1.376720099,3.13181006,0.265884438,0.276604693,0.961027853,0.694531315,0.529132823,0.382825701,0.522750963,0.206633128,0.105950942,-0.466262743,0.002568539,4,0.287821723,0.961243408,0.276666734,1.312584071,0.732329022,0.522750963,0.550590518
B2,B2A09,4,9,9.874044512,-0.23300125,489.06,-1.2581535,235.6519,85.5268525,0.797419124,0.807741579,0.070724524,-6.264323223,2.755297233,-0.376062884,2.131360116,0.335943171,0.469211748,0.852618335,0.766669667,0.63288653,0.43818503,0.741383685,0.045398568,0.165987093,-0.716093565,0.065418047,4,0.550318623,0.715973487,0.394013543,1.211385661,0.591036785,0.741383685,0.742285855
B2,B2A09,4,10,9.902422496,-0.753896933,465.3,-1.549352083,197.0759,77.8918525,0.814442295,0.815363931,-0.003804942,-2.755504767,2.530122133,-0.056980362,1.587102495,0.501878248,0.584175329,0.880950406,0.9013772,0.774822306,0.556790484,0.753947485,0.00750049,0.155833597,-0.458545985,0.003928757,4,0.663119428,0.859122634,0.56970091,1.163334087,0.738500354,0.753947485,0.879529995
B2,B2A09,4,11,10.07977113,-0.66072695,479.18,-1.549352083,158.7239,57.0583525,0.814157972,0.802585444,-0.088497025,-4.114676137,2.781782036,-0.226330894,2.00811293,0.438881587,0.542539505,1.118708072,0.732929568,0.902367644,0.598804587,0.601239981,-0.664101866,0.476331308,-0.258913234,0.250828404,4,0.484969688,0.80893941,0.392311094,0.812229442,0.995949381,0.601239981,0.806615833
B2,B2A09,4,12,10.40158828,-0.659007883,433.66,-1.549352083,165.3878,49.2413525,0.779198425,0.603581506,-0.18305081,-6.598930501,3.358717655,-49.39005563,51.74877329,0.465495148,0.487434997,1.056140814,0.709088178,0.654104913,0.656470044,0.745193909,-0.980877579,1.064936366,0.044820195,-0.26876746,4,0.461524629,0.954989179,0.440751027,1.084058786,0.880938554,0.745193909,0.619334945
B2,B2A09,4,13,10.44274379,-0.63677245,405.7,-1.549352083,127.975,40.2075,0.784179367,0.553530358,-0.153436473,-7.119503473,3.182863894,-49.77459706,51.95746095,0.545386956,0.226291187,0.964131388,0.807624933,0.432924264,0.675297324,0.522703868,-1.073589232,1.939100132,0.663227859,0.005857818,4,0.234709906,2.410111338,0.565677006,1.865510899,1.291930988,0.522703868,0.44903036
B2,B2A09,4,14,10.50580274,-0.40832675,433.38,-1.549352083,117.5,41.91265,0.787406305,0.630420499,-0.191444278,-6.134457549,2.803449555,-10.30817185,12.11162141,0.645427813,0.165210596,1.00189333,0.923666521,0.562804591,0.69876714,0.293548772,-0.545129097,1.186314218,1.597533817,3.068829435,4,0.164898389,3.906697434,0.644208115,1.641185122,2.380412412,0.293548772,0.56174103
B2,B2A09,4,15,10.3969538,-0.071427333,478.2,-0.440715583,113.533,60.20015,0.758292133,0.696880466,-0.09289443,-2.375759588,1.885925533,-3.469501985,4.355427518,0.691725922,0.657143208,0.913458804,0.907385405,0.795065764,0.762328684,0.826526859,-0.239848992,0.381119874,-0.26607592,0.116764456,4,0.719401034,1.05262584,0.757260118,1.141270881,0.922327781,0.826526859,0.870390389
B2,B2A10,14,1,9.781826021,0.518395017,524.6,-0.623814083,359.5494439,256.8908047,0.626388643,0.93848383,0.431587477,-1.68826444,1.39961975,0.142139888,0.257479862,0.464539723,0.383680099,0.592465382,0.926718759,0.507030491,0.501273681,0.756719972,0.885861468,-0.058123739,-0.851779801,0.290592728,16,0.647599186,1.210747506,0.7840791,1.827737729,0.662429564,0.756719972,0.855797667
B2,B2A10,14,2,9.743528589,0.481813883,543.3,-0.623814083,311.1961439,203.9360078,0.702219301,0.932016411,0.528218351,-1.446478949,1.525949965,-0.040936845,0.56688681,0.407247832,0.464614478,0.667299473,0.942436762,0.575092969,0.432122184,0.807894555,0.697784123,-0.05902863,-0.687597179,-0.026312106,16,0.69626082,0.876528501,0.610292452,1.638755493,0.534874485,0.807894555,0.861821404
B2,B2A10,14,3,9.733660157,0.201212317,553.4,-0.623814083,290.2542,156.3815344,0.687644913,0.909775719,0.313354353,-1.267655788,1.856064408,-0.26548911,1.121553518,0.332024925,0.276215735,0.579194609,0.658534728,0.473814359,0.504187419,0.582961933,0.332893303,0.056964804,-0.651981699,0.399985174,16,0.476896246,1.202049279,0.573252788,1.389858107,0.864871941,0.582961933,0.818057267
B2,B2A10,14,4,9.519113581,0.1530159,594.28,-0.623814083,339.3580333,150.6666594,0.702932442,0.907809843,0.243806264,-1.327235474,2.252376436,0.042793438,1.209582998,0.228939486,0.291432531,0.653905613,0.61046939,0.539387502,0.375022057,0.540302714,0.127016094,0.004766507,-0.527279148,0.009048673,16,0.445679813,0.785565994,0.350110905,1.131782601,0.694096193,0.540302714,0.82487058
B2,B2A10,14,5,9.507727826,0.469598267,593.18,-0.623814083,373.6435333,135.1145469,0.698362092,0.889418453,0.274934533,-1.507973903,2.765383461,0.443207922,1.322175539,0.098295256,0.297600018,0.741092065,0.638496416,0.59600287,0.153948016,0.499326484,0.188478712,-0.117181159,-0.602210258,-0.302733862,16,0.401569565,0.330293181,0.132635689,1.071297553,0.308311337,0.499326484,0.804222443
B2,B2A10,14,6,9.336048779,0.484303917,549.74,-0.550285833,359.9125333,121.6032656,0.691316617,0.856758614,-0.013271696,-1.508145028,2.959727533,0.550284638,1.409442894,0.127090493,0.117225358,0.668728684,0.640156803,0.507500404,0.198530254,0.230985743,0.334747592,-0.073355881,-1.603759221,1.342484645,16,0.175295842,1.084155296,0.190047916,1.261391711,0.859491375,0.230985743,0.758903298
B2,B2A10,14,7,9.195238759,0.102059667,540.84,-0.550285833,354.9963333,120.30275,0.681921148,0.866503055,-0.028113582,-1.190664499,2.950858009,0.824879795,1.125978213,0.148979859,0.136640986,0.63073506,0.629706433,0.502071015,0.236586211,0.272154699,0.465666501,-0.211448644,-0.639831116,0.395527218,16,0.216637689,1.090301403,0.236200377,1.254217857,0.86930783,0.272154699,0.796009365
B2,B2A10,14,8,9.413262924,0.1212659,533.94,-0.550285833,331.849,118.72413,0.693586811,0.891533241,-0.039219244,-1.467559299,2.79512682,0.91272606,0.882400761,0.194335362,0.140828769,0.675148498,0.616128692,0.514454367,0.315413589,0.273743947,0.449135213,-0.251499947,-0.545640421,0.873254201,16,0.208589324,1.379940789,0.287840916,1.197635266,1.152221238,0.273743947,0.761986983
B2,B2A10,14,9,9.874044512,-0.23300125,489.06,-1.2581535,291.9835,104.3945675,0.640961601,0.88839409,0.057165743,-0.918434444,2.796922359,0.94717243,0.849749929,0.222187893,0.258342052,0.655583647,0.624515941,0.541213254,0.355776176,0.477338739,0.332076495,-0.178158079,-1.131997022,0.687517871,16,0.39406421,0.860053141,0.338916161,1.153918416,0.74533271,0.477338739,0.825544164
B2,B2A10,14,10,9.902422496,-0.753896933,465.3,-1.549352083,276.7895,95.66413,0.609585755,0.899606197,0.139294463,-1.187191533,2.893346754,1.022150363,0.871196391,0.150432993,0.320859407,0.759165838,0.648886371,0.597835881,0.231832568,0.536701488,0.222464759,-0.137072612,-1.791836541,0.978424362,16,0.42264732,0.468843955,0.198155641,1.085392147,0.431958124,0.536701488,0.787490495
B2,B2A10,14,11,10.07977113,-0.66072695,479.18,-1.549352083,270.2095,89.4575675,0.61110258,0.893203448,0.093070487,-1.674169537,3.020532612,0.740969449,1.279563162,0.138018579,0.25051027,0.818741389,0.665617877,0.57545058,0.207354075,0.435328903,0.207582711,-0.050892805,-1.875924598,1.102801427,16,0.30596996,0.550949784,0.168574083,1.156689906,0.476315892,0.435328903,0.702847795
B2,B2A10,14,12,10.40158828,-0.659007883,433.66,-1.549352083,276.7405,83.5703175,0.55971512,0.865776851,0.046885849,-2.10909488,3.311468812,-18.59061349,20.9020823,0.157161736,0.28396541,0.91282412,0.682744335,0.584738332,0.230191197,0.485628177,0.190426187,-0.022819587,-1.326628238,0.551310955,16,0.311084473,0.553453801,0.172170884,1.167606599,0.474007085,0.485628177,0.640581597
B2,B2A10,14,13,10.44274379,-0.63677245,405.7,-1.549352083,286.9765,76.1370625,0.477228171,0.820248692,0.055743847,-2.241909902,3.769208984,-21.72668933,24.49589831,0.157341568,0.223197597,0.780563865,0.526550573,0.397769629,0.298815681,0.561122774,0.275268995,0.048488616,-0.710809914,-0.005600044,16,0.285944056,0.704942929,0.20157424,1.32375761,0.532531729,0.561122774,0.509592676
B2,B2A10,14,14,10.50580274,-0.40832675,433.38,-1.549352083,289.188,76.1507875,0.445463513,0.820953763,0.049344304,-2.276093634,3.797570708,-5.708516721,8.506087429,0.140351463,0.222986623,0.810971667,0.452007768,0.422410784,0.31050675,0.52789046,0.079153768,-0.009086939,-0.607947682,-0.046069553,16,0.274962285,0.629416515,0.173065803,1.070066828,0.588202997,0.52789046,0.520869965
B2,B2A10,14,15,10.3969538,-0.071427333,478.2,-0.440715583,285.761,80.0191625,0.436042472,0.835983025,0.038787427,-1.807361426,3.571157096,-1.005730456,3.576887552,0.136182695,0.212018818,0.779998692,0.507556957,0.486372793,0.268310173,0.435918336,0.466845445,-0.423290042,-0.708212912,0.087060045,16,0.271819454,0.642314186,0.174593491,1.043555404,0.615505591,0.435918336,0.623555909
B2,B2A12,7,1,9.781826021,0.518395017,524.6,-0.623814083,466.3551002,324.5156875,0.551723656,0.972850126,0.411016529,0.996534659,1.437080296,0.236567059,0.200513237,0.530600804,0.353202582,0.496970165,0.888921314,0.515395185,0.596904131,0.685304389,0.566773864,0.157963464,-1.204627128,0.963278316,8,0.710711844,1.5022563,1.067671345,1.724737328,0.871005848,0.685304389,1.0370747
B2,B2A12,7,2,9.743528589,0.481813883,543.3,-0.623814083,394.0364336,262.78675,0.643077284,0.983491393,0.752088012,0.478326301,1.499453201,0.066603944,0.432849257,0.62079651,0.504040049,0.560833321,1.028113172,0.571754563,0.603821181,0.881567164,0.701076099,0.097096121,-0.689521822,0.158665507,8,0.898734134,1.231641238,1.106918021,1.79817222,0.684940644,0.881567164,1.019473241
B2,B2A12,7,3,9.733660157,0.201212317,553.4,-0.623814083,292.4083333,194.3826875,0.695863701,0.982919745,0.403700569,-0.274373639,1.50429206,0.04807485,0.45621721,0.407718891,0.363259844,0.518488324,0.655630337,0.510019248,0.621873131,0.712247324,0.536827917,-0.251326752,-0.368516144,0.130844253,8,0.700613355,1.122389103,0.786360795,1.285501166,0.87311403,0.712247324,0.98366583
B2,B2A12,7,4,9.519113581,0.1530159,594.28,-0.623814083,300.685,187.057125,0.689049337,0.961584906,0.297765332,-1.603534655,1.607450131,0.075089375,0.532360756,0.386451359,0.347081106,0.58975383,0.552855942,0.538319232,0.699009143,0.644749593,0.261164162,-0.234160278,0.019237013,0.156157232,8,0.588518613,1.113432428,0.655275708,1.027003883,1.084156006,0.644749593,0.912786327
B2,B2A12,7,5,9.507727826,0.469598267,593.18,-0.623814083,317.605,173.547625,0.707246057,0.945768506,0.09942636,-0.910962074,1.830074022,0.159322935,0.670751086,0.322082537,0.281541938,0.505110024,0.52686473,0.473615658,0.611319222,0.594452345,0.318819119,-0.20638814,-0.436271819,0.49382451,8,0.557387351,1.143994883,0.637648278,1.112430979,1.028373809,0.594452345,0.937648503
B2,B2A12,7,6,9.336048779,0.484303917,549.74,-0.550285833,286.461,204.938875,0.742451272,0.933724042,0.360825559,0.286186763,1.397787511,0.042735782,0.355051729,0.117663719,0.493741503,0.58822676,0.512097874,0.596605456,0.22976803,0.827584625,-0.004486511,-0.137160841,-1.032734168,0.109816416,8,0.839372733,0.238310368,0.200031225,0.858352649,0.2776369,0.827584625,1.01424399
B2,B2A12,7,7,9.195238759,0.102059667,540.84,-0.550285833,280.8679667,223.2303125,0.74556023,0.914090188,0.482014524,-0.64016589,1.258198152,0.071840266,0.186357886,0.146926393,0.39067401,0.486056407,0.510974812,0.468849983,0.287541361,0.833260156,0.237141752,-0.147294614,-0.960318951,0.079399113,8,0.8037627,0.37608438,0.302282597,1.089847138,0.345079935,0.833260156,0.964599945
B2,B2A12,7,8,9.413262924,0.1212659,533.94,-0.550285833,302.766,260.060215,0.755971154,0.899328778,0.24377415,-3.665559158,1.164214988,0.033306354,0.130908634,0.193598373,0.295279301,0.519092033,0.497124942,0.434521793,0.389436049,0.679550038,0.195113677,-0.051040008,-0.950718455,0.27913832,8,0.568838051,0.655644919,0.372955778,1.144073669,0.573079283,0.679550038,0.83708045
B2,B2A12,7,9,9.874044512,-0.23300125,489.06,-1.2581535,300.9206,248.186715,0.779244303,0.90644281,0.419892396,-4.561238696,1.212476663,0.095734554,0.116742109,0.197845599,0.359350724,0.58231366,0.461885548,0.472044131,0.428343342,0.761265102,0.043421981,-0.06494239,-0.807059411,0.12366035,8,0.617108525,0.550564077,0.339757785,0.978479591,0.56267303,0.761265102,0.81063551
B2,B2A12,7,10,9.902422496,-0.753896933,465.3,-1.549352083,313.5096,236.22934,0.782809403,0.879642919,0.597661119,-10.44764688,1.32714082,0.023805329,0.303335491,0.193142417,0.425222672,0.772705678,0.453235581,0.507345408,0.426141338,0.838132492,-0.135254823,0.028601985,-0.815677641,0.074190395,8,0.550303542,0.454214767,0.249955995,0.893347162,0.508441495,0.838132492,0.656582995
B2,B2A12,7,11,10.07977113,-0.66072695,479.18,-1.549352083,321.9536,191.685215,0.794340935,0.866197886,0.147878504,-6.954702634,1.679595372,-0.284177802,0.963773174,0.212173991,0.382047492,0.703865486,0.517269186,0.486174123,0.410180999,0.785824407,0.155294815,-0.091336118,-0.508345345,-0.21919635,8,0.542784807,0.555360252,0.301441107,1.063958697,0.521975387,0.785824407,0.690720219
B2,B2A12,7,12,10.40158828,-0.659007883,433.66,-1.549352083,323.2503,170.609715,0.797353302,0.856481645,0.171575538,-4.427607138,1.894676982,-0.578708881,1.473385864,0.204593217,0.49138363,0.732713927,0.534764424,0.577003903,0.382585692,0.851612316,0.015639601,-0.088844443,-0.531147225,-0.267028416,8,0.670635035,0.416361484,0.279226598,0.926795159,0.449248661,0.851612316,0.787488652
B2,B2A12,7,13,10.44274379,-0.63677245,405.7,-1.549352083,276.1916,123.600375,0.793658536,0.851713403,0.264674521,-5.296453858,2.234553091,-0.653087669,1.88764076,0.343108931,0.267060675,0.668335853,0.642138507,0.411227222,0.534322311,0.649423629,0.337554778,0.223962728,-0.127355374,-0.19570421,8,0.399590526,1.284760216,0.513378011,1.561517506,0.822763889,0.649423629,0.615300258
B2,B2A12,7,14,10.50580274,-0.40832675,433.38,-1.549352083,281.721,112.884575,0.770713121,0.79406413,0.228910039,-6.0540082,2.495655407,-1.540980611,3.036636018,0.338572035,0.253529001,0.768146455,0.805258372,0.446366006,0.420451431,0.567984563,0.457957664,0.346073919,-0.286333015,-0.165694685,8,0.330052947,1.335437106,0.440764952,1.804031583,0.740251511,0.567984563,0.581094924
B2,B2A12,7,15,10.3969538,-0.071427333,478.2,-0.440715583,291.0519,115.600825,0.716305663,0.739654544,0.256404883,-6.931139285,2.517732032,-2.007864978,3.52559701,0.35957293,0.279762898,0.849185267,1.011807916,0.48944012,0.355376672,0.571597804,0.586596264,0.480679945,-0.797282988,0.183825023,8,0.329448601,1.285277399,0.423432841,2.067276209,0.621725047,0.571597804,0.576364357
B2,B2A14,5,1,9.781826021,0.518395017,524.6,-0.623814083,432.8252688,214.4443813,0.69091098,0.942389025,0.547732335,-2.503910452,2.01835677,0.017725319,1.000631451,0.331562236,0.439883603,0.586581541,0.78319244,0.539876462,0.423347084,0.814785666,0.262366031,0.18832222,-1.052748158,0.322712488,8,0.749910407,0.753749933,0.565244919,1.45068825,0.519580918,0.814785666,0.920377516
B2,B2A14,5,2,9.743528589,0.481813883,543.3,-0.623814083,412.6969355,159.1983188,0.694263244,0.928674158,0.873463598,-4.892964711,2.592344811,-0.166063843,1.758408653,0.40540333,0.586957127,0.743790922,0.816812536,0.620850812,0.496323589,0.945407682,0.27141661,0.044217551,-0.760162903,0.035770751,8,0.789142633,0.690686442,0.545050118,1.31563416,0.524983664,0.945407682,0.834711467
B2,B2A14,5,3,9.733660157,0.201212317,553.4,-0.623814083,342.8221667,112.6619438,0.753805977,0.885842663,0.542498458,-1.152490619,3.042927854,-1.087231661,3.130159514,0.418721419,0.412730573,0.527993819,0.855191973,0.487075277,0.489622719,0.847365063,0.806942574,-0.051172957,-0.551652256,-0.114474194,8,0.781695841,1.014515151,0.793042274,1.755769617,0.577817922,0.847365063,0.922501854
B2,B2A14,5,4,9.519113581,0.1530159,594.28,-0.623814083,326.5086667,118.1800688,0.760480903,0.847422995,0.371471004,-2.701389731,2.762806538,-1.838759426,3.601565965,0.443707336,0.440854856,0.610856898,0.658299604,0.519423892,0.674020361,0.848738117,0.237179116,0.030185773,0.027491844,-0.396827006,8,0.721699071,1.006470339,0.726368709,1.267364889,0.794144091,0.848738117,0.850320089
B2,B2A14,5,5,9.507727826,0.469598267,593.18,-0.623814083,297.5486667,114.8169375,0.735668961,0.849064637,0.311954123,-5.312397994,2.591504992,-1.022716423,2.614221415,0.555647076,0.44117149,0.739859579,0.710499824,0.554785909,0.782050968,0.795210338,0.2034304,0.077243483,0.36829801,-0.40112074,8,0.596290841,1.259480923,0.751016938,1.280673883,0.983451712,0.795210338,0.749852979
B2,B2A14,5,6,9.336048779,0.484303917,549.74,-0.550285833,231.672,126.9643125,0.512397564,0.781851561,0.112051766,-1.344739472,1.824701725,-0.055469788,0.880171513,0.213058542,0.526365209,0.66274313,0.494206985,0.620377226,0.431111961,0.848459916,-0.053099756,-0.150276893,-0.725313643,-0.016509396,8,0.794222052,0.404773224,0.32147982,0.796623352,0.50811117,0.848459916,0.936074925
B2,B2A14,5,7,9.195238759,0.102059667,540.84,-0.550285833,227.0373333,143.596625,0.528434162,0.77810659,0.002294332,-2.016700301,1.581077085,-0.059943253,0.641020338,0.225282294,0.358188792,0.514448686,0.517901277,0.458271869,0.434990807,0.781607634,0.286708474,-0.156590499,-0.594176604,-0.096093896,8,0.69625757,0.628948475,0.437910137,1.130117975,0.556533467,0.781607634,0.890801906
B2,B2A14,5,8,9.413262924,0.1212659,533.94,-0.550285833,222.318,170.9994013,0.516761892,0.755582556,-0.183209082,-8.969644679,1.300109815,-0.199616726,0.499726541,0.225410272,0.246244971,0.593587641,0.606669978,0.383770656,0.371553366,0.641646167,0.742689938,-0.161876063,-0.570452803,-0.09423358,8,0.414841809,0.91539036,0.379742193,1.580813875,0.579062706,0.641646167,0.64652737
B2,B2A14,5,9,9.874044512,-0.23300125,489.06,-1.2581535,214.194,153.6341513,0.505255448,0.758352079,-0.09203218,-5.647172822,1.394182207,-0.0321938,0.426376007,0.185485932,0.377114238,0.648942289,0.698635002,0.501913187,0.265497623,0.751353517,0.479717228,-0.087773322,-0.910933586,0.035796258,8,0.581121379,0.491856084,0.285828086,1.391943906,0.353359127,0.751353517,0.773432701
B2,B2A14,5,10,9.902422496,-0.753896933,465.3,-1.549352083,214.15,146.9466513,0.486844445,0.713314763,0.153859709,-11.40793525,1.457331611,-0.07296316,0.530294771,0.185926382,0.432881726,0.818288066,0.676278151,0.507755361,0.274925904,0.852539941,0.31771513,0.014182477,-0.902475108,0.006467569,8,0.529008969,0.429508504,0.227213851,1.331897607,0.322478621,0.852539941,0.620509308
B2,B2A14,5,11,10.07977113,-0.66072695,479.18,-1.549352083,228.074,123.5799013,0.479188249,0.744248244,0.14648741,-8.262607204,1.845559008,0.213513146,0.632045862,0.27173348,0.433416527,0.775440101,0.629262688,0.507998321,0.431828368,0.85318496,0.350093701,-0.111383527,-0.892565622,0.148740156,8,0.55892973,0.626956894,0.350424848,1.238710174,0.506136873,0.85318496,0.655109685
B2,B2A14,5,12,10.40158828,-0.659007883,433.66,-1.549352083,227.421,107.3666513,0.451402481,0.735391355,0.025667839,-7.502468512,2.118171679,0.488660213,0.629511467,0.274079807,0.574019381,0.919478695,0.60972951,0.639970358,0.449510484,0.896946825,0.096710712,-0.143964226,-0.908275544,0.159433105,8,0.624287854,0.477474831,0.298081738,0.952746486,0.501156224,0.896946825,0.696014342
B2,B2A14,5,13,10.44274379,-0.63677245,405.7,-1.549352083,203.215,81.0835,0.450335241,0.790653542,-0.124683639,-6.026256685,2.506243564,0.833516591,0.672726972,0.41631611,0.216032295,0.74839059,0.506650581,0.451104129,0.821702619,0.478896736,0.468065727,-0.344931291,-0.438738659,2.382791418,8,0.288662495,1.92710127,0.556281861,1.123134436,1.715824222,0.478896736,0.602765635
B2,B2A14,5,14,10.50580274,-0.40832675,433.38,-1.549352083,195.564,81.70805,0.451771485,0.748971777,-0.167771414,-6.449258137,2.393448381,0.877467556,0.515980825,0.417688398,0.215788773,0.777599918,0.509370601,0.461877874,0.820008845,0.467198767,0.455509604,-0.352684312,-0.327639041,2.408227603,8,0.277506167,1.935635448,0.537150775,1.102825292,1.755160552,0.467198767,0.59397881
B2,B2A14,5,15,10.3969538,-0.071427333,478.2,-0.440715583,209.0492,84.49205,0.452278134,0.706458463,-0.157221756,-4.169531189,2.474187808,0.966663879,0.507523929,0.373753001,0.243576975,0.655274295,0.460398024,0.457881466,0.811804094,0.531965133,0.248210296,-0.242714205,0.115452653,1.213368511,8,0.37171758,1.534434859,0.570376412,1.005496091,1.526047563,0.531965133,0.698763052
B2,B2A16,4,1,9.781826021,0.518395017,524.6,-0.623814083,479.255,338.9945,0.656676223,0.876969502,0.314467103,-1.093047051,1.4137545,0.24108729,0.17266721,0.436281203,0.539854337,0.610738719,0.589264669,0.601065579,0.740382422,0.898162123,0.026483826,-0.046117141,-0.307956584,-0.012522662,4,0.883936649,0.808146149,0.714349999,0.980366686,0.824330488,0.898162123,0.984161575
B2,B2A16,4,2,9.743528589,0.481813883,543.3,-0.623814083,417.321,237.421875,0.657133512,0.896551747,0.505200323,-0.883243531,1.75771925,0.329018027,0.428701223,0.374591455,0.565152145,0.6348701,0.598576346,0.623709668,0.625803972,0.906114134,0.040076166,-0.080372674,-0.513520726,-0.009487576,4,0.890185482,0.66281524,0.590028504,0.959703492,0.690645856,0.906114134,0.982420921
B2,B2A16,4,3,9.733660157,0.201212317,553.4,-0.623814083,419.8316667,181.899375,0.642335556,0.913353255,0.345168738,-2.248025234,2.308043481,0.525009414,0.783034067,0.374501752,0.345845316,0.480398261,0.610701432,0.443322402,0.613232151,0.780121453,0.442756221,-0.065200227,-0.716432461,0.334342697,4,0.719913755,1.082859113,0.77956517,1.377555994,0.786072666,0.780121453,0.922822661
B2,B2A16,4,4,9.519113581,0.1530159,594.28,-0.623814083,482.624,195.205375,0.688529896,0.87220169,0.232770732,-2.706770384,2.472390937,0.499741929,0.972649008,0.099029587,0.322795659,0.501759492,0.494309331,0.460160683,0.200339303,0.701484657,0.134419458,-0.060209188,-1.12454934,0.206112861,4,0.643327458,0.306787233,0.197364651,1.074210271,0.285593279,0.701484657,0.917094126
B2,B2A16,4,5,9.507727826,0.469598267,593.18,-0.623814083,442.559,182.799625,0.727071443,0.854259522,0.118515196,-2.379002502,2.421006061,0.362160837,1.058845223,0.164104473,0.315515106,0.50017481,0.4037002,0.461132019,0.406500846,0.684218604,-0.066819581,-0.057725705,-0.825287721,0.178253946,4,0.630809669,0.520116057,0.328094238,0.875454715,0.594109607,0.684218604,0.921941709
B2,B2A16,4,6,9.336048779,0.484303917,549.74,-0.550285833,437.1276667,208.454125,0.710799203,0.829943301,0.47423648,-0.330330135,2.096996961,0.172391653,0.924605309,0.149582768,0.495139202,0.576922182,0.329657291,0.572168185,0.453752344,0.86537353,-0.274858814,-0.148986657,-0.666799694,-0.058264978,4,0.858242614,0.302102455,0.259277201,0.576154529,0.524342759,0.86537353,0.991759725
B2,B2A16,4,7,9.195238759,0.102059667,540.84,-0.550285833,414.9616667,237.4055,0.69873759,0.838942844,0.170096276,-1.28290457,1.747902499,0.026307501,0.721594998,0.212739766,0.343540547,0.453217151,0.362132371,0.43700559,0.587464095,0.786123919,0.040302526,-0.211634931,-0.161814855,-0.279739852,4,0.758004296,0.619256642,0.469399195,0.828667595,0.747291973,0.786123919,0.964230037
B2,B2A16,4,8,9.413262924,0.1212659,533.94,-0.550285833,462.221,271.728615,0.629922012,0.850372773,0.490261225,-3.545677857,1.701039105,-0.127025461,0.828064565,0.345190348,0.306451038,0.425404169,0.651842731,0.386258371,0.529560785,0.793383551,0.845503821,-0.157921673,-0.672030583,0.117548578,4,0.720376197,1.126412724,0.811440915,1.687582148,0.667471344,0.793383551,0.907979749
B2,B2A16,4,9,9.874044512,-0.23300125,489.06,-1.2581535,494.75,250.132115,0.566754686,0.876469794,0.622099638,0.291162712,1.97795473,-0.057018534,1.034973264,0.355858097,0.436850943,0.49304061,0.600613391,0.496532717,0.592491114,0.879802937,0.261336548,-0.051721614,-0.650447588,0.103963854,4,0.886034404,0.81459844,0.721762243,1.209614935,0.673436163,0.879802937,1.007082798
B2,B2A16,4,10,9.902422496,-0.753896933,465.3,-1.549352083,474.188,235.825615,0.586012377,0.852309008,0.740413777,-3.682122216,2.010756974,-0.327865972,1.338622946,0.429339818,0.528208821,0.633430532,0.683959444,0.586589281,0.627727012,0.900474724,0.011673393,0.154320371,-0.628671184,0.114629011,4,0.833885951,0.812822128,0.677800953,1.165993764,0.697106754,0.900474724,0.92605148
B2,B2A16,4,11,10.07977113,-0.66072695,479.18,-1.549352083,505,193.937615,0.649282799,0.875767174,0.743262188,-7.502908071,2.603930135,-0.445462675,2.04939281,0.434612838,0.510971749,0.678840264,0.866477652,0.562778591,0.501585744,0.907944541,0.371692018,0.167950154,-0.802229238,0.107420241,4,0.75271279,0.850561384,0.640228432,1.539642173,0.552440949,0.907944541,0.829029479
B2,B2A16,4,12,10.40158828,-0.659007883,433.66,-1.549352083,549.611,173.983615,0.768381423,0.897138853,0.653706216,-4.829631723,3.158981379,-0.28428523,2.443266609,0.345489432,0.560563693,0.730448546,0.978190873,0.647171191,0.353192246,0.866175289,0.398599918,0.112887129,-0.919068826,0.085337619,4,0.76742393,0.616325024,0.472982572,1.511487047,0.407760705,0.866175289,0.885991484
B2,B2A16,4,13,10.44274379,-0.63677245,405.7,-1.549352083,524.912,131.4675,0.751701918,0.835145524,-0.141779829,-7.933084607,3.992713028,-1.099041308,4.091754336,0.32684427,0.172524075,0.657328151,0.829763273,0.476300491,0.393900623,0.362216875,0.542073131,0.200027262,0.418812088,-0.236217255,4,0.26246263,1.894484984,0.497231512,1.742100393,1.087471762,0.362216875,0.724600781
B2,B2A16,4,14,10.50580274,-0.40832675,433.38,-1.549352083,482.7845,137.0861,0.648298237,0.760938986,-0.094718237,-10.39154801,3.521761141,-2.639211374,5.160972516,0.343228471,0.151275179,0.699309312,0.659154888,0.471900085,0.520709893,0.320566119,0.181564225,0.215246052,1.463585646,0.174910222,4,0.216320842,2.26890144,0.490810669,1.396810277,1.62434475,0.320566119,0.67480881
B2,B2A16,4,15,10.3969538,-0.071427333,478.2,-0.440715583,521.7436,152.9726,0.587003311,0.747063409,-0.163066222,-6.892612515,3.410699694,-2.355769558,4.766469251,0.195496467,0.147003622,0.641193311,0.584380733,0.506019839,0.334536128,0.290509602,0.0515275,0.103329856,0.482938953,-0.156873167,4,0.229265682,1.329875177,0.304894739,1.154857356,1.151549298,0.290509602,0.789184525
B2,B2A17,7,1,9.781826021,0.518395017,524.6,-0.623814083,339.4926667,195.9229688,0.846512521,0.937754294,0.187590346,-0.936900019,1.732786456,-0.065656036,0.798442492,0.611470152,0.390353954,0.584470217,1.038726744,0.555778327,0.588672772,0.702355479,0.903962885,-0.035004178,-0.295404383,-0.002115644,8,0.667876553,1.566450515,1.04619557,1.868958707,0.838140784,0.702355479,0.950909579
B2,B2A17,7,2,9.743528589,0.481813883,543.3,-0.623814083,412.1373333,157.6122813,0.78800595,0.951388057,0.249727701,-0.756935278,2.614880833,0.102311847,1.512568986,0.40733155,0.443628103,0.688946588,0.938600951,0.660131501,0.433977346,0.672029894,0.352499395,0.069339966,-1.008807814,0.425827863,8,0.643922345,0.918182476,0.591238213,1.421839361,0.645770895,0.672029894,0.95817515
B2,B2A17,7,3,9.733660157,0.201212317,553.4,-0.623814083,506.662,131.6522813,0.695433663,0.924572369,0.011599349,-0.178725034,3.848486294,0.116252735,2.732233559,0.389699083,0.20220654,0.537408131,0.777829115,0.529262809,0.50100861,0.382053182,0.502837288,-0.033191015,-1.224352756,1.944013339,8,0.376262525,1.927232833,0.725145491,1.469646273,1.311358297,0.382053182,0.984843322
B2,B2A17,7,4,9.519113581,0.1530159,594.28,-0.623814083,536.966,123.8899688,0.622926114,0.908793363,0.1819337,-1.097618694,4.33421693,0.139053683,3.195163247,0.266321388,0.275452707,0.554590925,0.650413186,0.501433173,0.409464928,0.549330842,0.271314136,0.025794272,-1.419481155,0.975085267,8,0.496677271,0.966849775,0.480212308,1.297108408,0.745388564,0.549330842,0.904149619
B2,B2A17,7,5,9.507727826,0.469598267,593.18,-0.623814083,508.4945,106.9560625,0.485218414,0.882792573,0.206692154,-0.893904455,4.754237283,0.148305415,3.605931868,0.285662549,0.292211015,0.536845885,0.409250358,0.48669981,0.69801417,0.600392704,-0.068909106,-0.090222764,-0.391174721,0.742804235,8,0.544310803,0.977589944,0.532112767,0.840868129,1.162596024,0.600392704,0.906591302
B2,B2A17,7,6,9.336048779,0.484303917,549.74,-0.550285833,475.4153333,106.0438125,0.425996389,0.870046345,0.052406839,-1.308415924,4.483197295,-0.097458105,3.5806554,0.33099554,0.284770017,0.556311192,0.441589262,0.482280512,0.749555227,0.590465527,0.107346524,-0.191719102,0.193624833,0.417830157,8,0.511889786,1.162325808,0.594982709,0.915627422,1.269430971,0.590465527,0.866925776
B2,B2A17,7,7,9.195238759,0.102059667,540.84,-0.550285833,423.2866667,115.37325,0.406425871,0.902933793,0.102949319,-2.553382166,3.668845826,0.003769696,2.66507613,0.462713153,0.273624509,0.609091,0.577780003,0.476302048,0.800846604,0.574476868,0.504271284,-0.291217496,0.438688058,0.504673393,8,0.449234201,1.691051563,0.759678198,1.213053788,1.394044996,0.574476868,0.78198832
B2,B2A17,7,8,9.413262924,0.1212659,533.94,-0.550285833,401.0066,124.5231225,0.341027826,0.954787937,0.385098257,-1.393276004,3.220338456,0.296225661,1.924112794,0.379201971,0.365664401,0.55932993,0.441053238,0.492196567,0.859764624,0.74292351,0.135636899,-0.23954524,-0.044371244,0.383649872,8,0.653754397,1.037021842,0.677957589,0.896091659,1.157272063,0.74292351,0.879975378
B2,B2A17,7,9,9.874044512,-0.23300125,489.06,-1.2581535,376.8776,118.4037975,0.398683366,0.961265405,0.545391686,-0.272129968,3.182985748,0.295211065,1.887774684,0.451341229,0.452228929,0.582048578,0.56836155,0.56825865,0.794109363,0.795815301,0.117220528,-0.117039448,-0.118455418,0.114172741,8,0.7769608,0.998037056,0.77543567,1.00018108,0.997856364,0.795815301,0.976307944
B2,B2A17,7,10,9.902422496,-0.753896933,465.3,-1.549352083,325.2186,108.4657975,0.513059854,0.969417465,0.650710309,0.277430287,2.998351623,-0.138139812,2.136491435,0.565401174,0.60992508,0.698379239,0.766195862,0.713725843,0.737932951,0.854564937,0.015122124,0.058393525,-0.381217907,0.126882752,8,0.87334366,0.927001024,0.809590466,1.073515649,0.863518873,0.854564937,1.0219746
B2,B2A17,7,11,10.07977113,-0.66072695,479.18,-1.549352083,320.4876,98.9157975,0.679683784,0.973431132,0.716707907,0.167002122,3.240004207,-0.655848441,2.895852648,0.570699907,0.659445987,0.747585185,0.986536665,0.757715141,0.578488289,0.870308578,0.269271195,0.032717655,-0.764754452,0.206571647,8,0.882101466,0.865423277,0.763391141,1.30198885,0.664693309,0.870308578,1.013550237
B2,B2A17,7,12,10.40158828,-0.659007883,433.66,-1.549352083,325.8986,82.6420475,0.715635877,0.979026638,0.677101774,-0.411581379,3.943496197,-0.593835529,3.537331726,0.550340721,0.765552702,0.921208013,1.005186254,0.891326272,0.54750124,0.858891661,0.184553874,-0.05681167,-0.684749656,0.091093273,8,0.83103131,0.718880254,0.597411999,1.127742204,0.637450874,0.858891661,0.967562439
B2,B2A17,7,13,10.44274379,-0.63677245,405.7,-1.549352083,234.092,53.706175,0.779343521,0.925977381,0.109967568,0.006875557,4.358753905,-2.0690974,5.427851305,0.286849268,0.386382449,0.724422705,0.860033704,0.725190835,0.333532589,0.532801065,0.23919413,-0.05325291,-0.671207034,0.063080972,8,0.533366012,0.742397251,0.395969461,1.18594122,0.625998353,0.532801065,1.001060334
B2,B2A17,7,14,10.50580274,-0.40832675,433.38,-1.549352083,218.717,51.260775,0.771724249,0.891283561,0.164655108,-0.052299985,4.266751722,-3.819138302,7.085890024,0.347011848,0.41704735,0.699425747,0.699696306,0.693304109,0.495946377,0.601535957,0.124802653,-0.11558275,-0.113083864,-0.207170763,8,0.596271087,0.832068223,0.496138224,1.009219903,0.82446672,0.601535957,0.991247623
B2,B2A17,7,15,10.3969538,-0.071427333,478.2,-0.440715583,222.588,56.261525,0.795051387,0.918804258,0.010994923,-0.700287949,3.956309396,-2.622820346,5.579129742,0.333200803,0.302255407,0.734083785,0.786622149,0.659401705,0.423584313,0.458378262,0.293385698,-0.100452553,-0.015777067,-0.130274377,8,0.411745108,1.10238161,0.453900235,1.192933145,0.92409337,0.458378262,0.89826491
B2,B2A18,11,1,9.781826021,0.518395017,524.6,-0.623814083,593.724152,158.2998953,0.457144114,0.921044474,0.28290469,-0.656913182,3.750628835,1.218705346,1.531923489,0.267000366,0.332739505,0.584444127,0.648210894,0.542946109,0.411903546,0.612840757,0.4720521,-0.278175058,-1.866097753,1.317845277,16,0.569326458,0.802430617,0.456844981,1.193877042,0.672121658,0.612840757,0.928995749
B2,B2A18,11,2,9.743528589,0.481813883,543.3,-0.623814083,509.9941353,138.5702234,0.467450398,0.92152158,0.433101031,-0.378771858,3.680402057,1.06627238,1.614129677,0.401831059,0.474385044,0.655465735,0.82670116,0.628131446,0.486065678,0.75523212,0.585207077,-0.269079434,-1.162442637,0.576660674,16,0.723737364,0.847056763,0.613046629,1.316127643,0.643597729,0.75523212,0.958297913
B2,B2A18,11,3,9.733660157,0.201212317,553.4,-0.623814083,425.3167167,99.07767188,0.577786452,0.923570524,0.211344061,-0.431156453,4.292760504,1.180087662,2.112672842,0.235713446,0.404871063,0.625273814,0.82776822,0.581756799,0.284757786,0.695945562,0.750781731,-0.327904988,-0.90752217,0.074939602,16,0.647510024,0.582193858,0.376976359,1.422876743,0.409166753,0.695945562,0.930403266
B2,B2A18,11,4,9.519113581,0.1530159,594.28,-0.623814083,385.66155,84.48779688,0.608478428,0.927189296,0.339498902,-0.712689095,4.564701226,1.33130442,2.233396806,0.322130734,0.519957965,0.766899534,0.881532046,0.682545447,0.365421468,0.761792444,0.538893665,-0.247357623,-0.785293712,0.015392746,16,0.678000105,0.619532263,0.420042939,1.291536042,0.479686391,0.761792444,0.89000634
B2,B2A18,11,5,9.507727826,0.469598267,593.18,-0.623814083,340.34205,67.37548438,0.592194645,0.912931653,0.205772698,-0.920456707,5.051422682,1.67294019,2.378482492,0.342823507,0.420528765,0.83762595,0.794271397,0.701009981,0.431620109,0.59988984,0.362344335,-0.229305693,-0.883015832,0.400694568,16,0.502048397,0.815220111,0.40927995,1.133038642,0.719498948,0.59988984,0.836900983
B2,B2A18,11,6,9.336048779,0.484303917,549.74,-0.550285833,307.0623333,58.59829688,0.481710523,0.882169633,-0.056758975,-1.104582431,5.240123855,1.713816611,2.526307245,0.221227522,0.19517659,0.833504479,0.475472973,0.645003705,0.465278859,0.302597626,0.041004699,-0.303841533,1.863263932,-0.499001902,16,0.234163816,1.133473654,0.265418517,0.737163166,1.537615696,0.302597626,0.773845518
B2,B2A18,11,7,9.195238759,0.102059667,540.84,-0.550285833,321.035,54.40978125,0.516385046,0.861553155,-0.051939027,-1.485579595,5.900317785,2.375648059,2.524669726,0.197377466,0.203565145,0.820558444,0.753696383,0.547523052,0.26187928,0.37179283,0.676754763,-0.300198323,-1.392862514,0.888997957,16,0.248081227,0.969603444,0.240540412,1.376556441,0.704368826,0.37179283,0.667256618
B2,B2A18,11,8,9.413262924,0.1212659,533.94,-0.550285833,363.3542,51.53095813,0.455006642,0.855917372,-0.058866227,-1.35977008,7.051182691,3.21968139,2.831501302,0.408679406,0.283484519,0.882952377,0.803289008,0.619077974,0.508757623,0.457914077,0.470620561,-0.173063481,-0.576521886,0.810916076,16,0.321064337,1.441628655,0.462855548,1.29755708,1.111032938,0.457914077,0.701145373
B2,B2A18,11,9,9.874044512,-0.23300125,489.06,-1.2581535,379.9678,46.57608313,0.460019279,0.8295837,0.039438869,-1.040293238,8.158002445,3.890091293,3.267911152,0.360931536,0.428489133,0.897606874,0.762670666,0.674253348,0.47324691,0.635501676,0.178050222,-0.046916549,-0.548970815,0.103522684,16,0.477368373,0.842335332,0.402104247,1.131133672,0.744682395,0.635501676,0.751167764
B2,B2A18,11,10,9.902422496,-0.753896933,465.3,-1.549352083,371.3778,39.82189563,0.48665827,0.829732387,0.102411134,-0.727653273,9.325969901,4.398448908,3.927520993,0.396009817,0.507375349,1.027217513,0.79175281,0.844490584,0.500168501,0.600806402,-0.106516659,0.044067445,-0.48880375,0.181852163,16,0.493931755,0.780506616,0.385517002,0.937550786,0.832495293,0.600806402,0.822114667
B2,B2A18,11,11,10.07977113,-0.66072695,479.18,-1.549352083,349.8658,35.19389563,0.473076087,0.832446677,0.232738167,-1.02517961,9.9410933,3.960348572,4.980744728,0.453413354,0.344344712,1.091651361,0.722603173,0.800356637,0.627472133,0.430239091,-0.02176033,-0.075388191,1.173036088,-0.046027956,16,0.315434693,1.316742608,0.415346301,0.902851479,1.458426594,0.430239091,0.733161397
B2,B2A18,11,12,10.40158828,-0.659007883,433.66,-1.549352083,321.5778,30.99958313,0.522870683,0.781337228,0.092173907,-0.770946009,10.37361692,-3.657555479,13.0311724,0.542562951,0.342963023,1.002974859,0.880432965,0.754279253,0.616245611,0.454689721,0.161398174,0.005852498,1.301044123,-0.464178415,16,0.341945783,1.581986729,0.54095369,1.167250672,1.355310189,0.454689721,0.752042034
B2,B2A18,11,13,10.44274379,-0.63677245,405.7,-1.549352083,239.8306,29.2248125,0.650923594,0.792580232,0.13704719,-1.013179931,8.206403377,-6.39880268,13.60520606,0.235149734,0.373524374,1.082987479,0.869245639,0.736302643,0.270521615,0.507297343,0.080341127,0.100213699,-0.562023387,-0.153609895,16,0.34490184,0.62954321,0.217130612,1.180554827,0.53326046,0.507297343,0.679881031
B2,B2A18,11,14,10.50580274,-0.40832675,433.38,-1.549352083,207.079,30.451,0.683630099,0.803874943,0.148015953,-0.849894845,6.800400644,-0.927506823,6.727907466,0.131526464,0.334474961,1.039178803,0.892394977,0.760076361,0.147385931,0.440054418,0.03996527,0.13412068,-1.378182851,0.49035868,16,0.321864688,0.393232617,0.126567694,1.17408595,0.334926601,0.440054418,0.731420194
B2,B2A18,11,15,10.3969538,-0.071427333,478.2,-0.440715583,204.0765,32.5356875,0.703532814,0.816534159,0.108076469,-0.635624885,6.272389357,-0.968225976,6.240615333,0.126717123,0.30863819,0.898525109,0.842233763,0.703162744,0.150453626,0.43892853,0.007940982,0.189838294,-1.19169529,0.309189833,16,0.343494229,0.410568516,0.141027916,1.197779276,0.34277477,0.43892853,0.782574396
B2,B2A19,2,1,9.781826021,0.518395017,524.6,-0.623814083,216.0083333,326.32,0.989408715,0.965947102,0.865063787,8.458215011,0.66195248,-0.050714838,-0.287332682,0.211747657,0.527690845,0.516962606,0.596532729,0.542882608,0.354964022,0.972016487,0.17326987,-0.074445336,-0.855394706,-0.011246576,2,1.020752447,0.401272181,0.409599561,1.098824534,0.365183129,0.972016487,1.050139027
B2,B2A19,2,2,9.743528589,0.481813883,543.3,-0.623814083,219.2166667,239.6175,0.989910117,0.976750319,0.827485238,5.389677957,0.914860837,-0.010308438,-0.074830725,0.207217167,0.668801243,0.673065052,0.482787717,0.695557892,0.429209692,0.961532104,-0.294896618,-0.011001966,-0.792680414,-0.008063561,2,0.993665086,0.309833706,0.307870936,0.694101416,0.446381031,0.961532104,1.033418522
B2,B2A19,2,3,9.733660157,0.201212317,553.4,-0.623814083,238.0316667,166.2675,0.871950594,0.98159408,0.124218598,-1.437414335,1.431618727,0.05984005,0.371778677,0.254969161,0.33427131,0.454206865,0.411594961,0.445561674,0.619466186,0.750224557,-0.045123791,-0.03110968,-0.548843372,0.230636561,2,0.735945084,0.762761126,0.561350301,0.923766529,0.82570769,0.750224557,0.980966401
B2,B2A19,2,4,9.519113581,0.1530159,594.28,-0.623814083,250.378,159.2725,0.768762278,0.968440458,0.315313545,-1.633539084,1.572010234,0.117156916,0.454853318,0.165423942,0.358484522,0.45112229,0.304493146,0.440866037,0.543276405,0.81313708,-0.271142797,-0.038186749,-0.580287277,0.026676968,2,0.79465043,0.461453512,0.366694232,0.690670454,0.668124008,0.81313708,0.977265027
B2,B2A19,2,5,9.507727826,0.469598267,593.18,-0.623814083,249.5536667,141.8805,0.649352595,0.909377803,0.335653711,0.07733143,1.758900389,0.222639009,0.53626138,0.163576486,0.338374964,0.401182004,0.314518013,0.401727051,0.520086226,0.842300669,-0.218310072,0.00122477,-0.624602184,0.005857943,2,0.84344502,0.483417816,0.40773635,0.782914698,0.617459115,0.842300669,1.001358601
B2,B2A19,2,6,9.336048779,0.484303917,549.74,-0.550285833,251.2873334,128.951,0.535199066,0.871561224,-0.531270399,-2.23396499,1.94870403,0.333158574,0.615545456,0.159560828,0.204468451,0.382600132,0.276987766,0.365275994,0.57605731,0.559764273,-0.2028614,-0.038841392,-0.040831489,0.099892626,2,0.53441814,0.780368935,0.417043315,0.758297208,1.029106961,0.559764273,0.954719988
B2,B2A19,2,7,9.195238759,0.102059667,540.84,-0.550285833,250.194,133.226,0.752241365,0.859738242,-0.705406133,-4.728067463,1.877966763,0.135348168,0.742618595,0.164481234,0.132532754,0.341704382,0.674738172,0.306215307,0.24377046,0.432809043,1.239540103,-0.036063802,-0.557855515,-0.124917955,2,0.387857929,1.241061018,0.481355356,2.203476301,0.563228666,0.432809043,0.896141002
B2,B2A19,2,8,9.413262924,0.1212659,533.94,-0.550285833,237.964,140.93806,0.905817517,0.864765693,-0.371264225,-3.54808624,1.688429655,-0.060407516,0.748837171,0.103767741,0.199837189,0.354661911,0.730785731,0.329487119,0.141994755,0.606509866,1.205624996,0.012324322,-0.805656513,-0.139532343,2,0.563458275,0.519261413,0.29258214,2.217949317,0.234117799,0.606509866,0.929017494
B2,B2A19,2,9,9.874044512,-0.23300125,489.06,-1.2581535,229.427,127.67106,0.955239368,0.844180482,0.037204974,4.971493001,1.797016489,-0.215735995,1.012752484,0.171208217,0.337229156,0.362282718,0.740229142,0.401222577,0.231290836,0.84050394,0.889268055,-0.044334133,-0.665331432,-0.258943906,2,0.930845275,0.507691029,0.472581795,1.844933923,0.275181145,0.84050394,1.107484725
B2,B2A19,2,10,9.902422496,-0.753896933,465.3,-1.549352083,195.813,107.61406,0.999678616,0.907133807,0.351102748,9.788915175,1.819585656,-0.246613625,1.066199282,0.3079521,0.572464353,0.533336959,0.746784373,0.624300121,0.412370841,0.916969793,0.333233256,-0.137038753,-0.602960324,-0.194800243,2,1.073363365,0.537941094,0.577406262,1.196194503,0.449710388,0.916969793,1.170554769
B2,B2A19,2,11,10.07977113,-0.66072695,479.18,-1.549352083,193.417,93.88606,0.858825857,0.970062621,0.928888148,6.252424977,2.060124794,-0.278313026,1.33843782,0.301159538,0.600979464,0.539566396,0.598984697,0.606162279,0.50278336,0.99144979,0.33344086,-0.345281884,-0.725945709,-0.01688427,2,1.113819296,0.501114525,0.558151027,0.988158976,0.507119337,0.99144979,1.123424814
B2,B2A19,2,12,10.40158828,-0.659007883,433.66,-1.549352083,174.708,90.83906,0.904240979,0.951216128,0.458493992,5.812834795,1.923269571,-0.329810227,1.253079799,0.364658069,0.616723206,0.614431841,0.650441413,0.678422318,0.560631691,0.909055009,0.184490747,-0.225734827,-0.519405519,-0.100251892,2,1.003729243,0.591283197,0.593488236,0.95875592,0.616719214,0.909055009,1.10414577
B2,B2A19,2,13,10.44274379,-0.63677245,405.7,-1.549352083,148.349,63.286,0.801385348,0.999805937,-0.57169459,-0.351318016,2.344104541,0.019071067,1.325033475,0.346379156,0.418290008,0.65590195,0.729019384,0.650350674,0.475130242,0.643176097,0.379039113,-0.258075589,-0.098368537,-0.355916885,2,0.637732528,0.828083743,0.528095939,1.120963524,0.738724967,0.643176097,0.991536425
B2,B2A19,2,14,10.50580274,-0.40832675,433.38,-1.549352083,122.081,59.951,0.639904879,0.996266788,-0.613118015,-1.764340222,2.03634635,0.088814117,0.947532232,0.565056291,0.443631884,0.72652853,0.797750754,0.697098826,0.708311823,0.636397406,0.498634734,-0.354247849,0.006142197,0.232632086,2,0.610618669,1.27370532,0.777748247,1.144386885,1.113002374,0.636397406,0.959492706
B2,B2A19,2,15,10.3969538,-0.071427333,478.2,-0.440715583,115.924,69.665,0.723120375,0.998677016,-0.844585847,0.71608178,1.66402067,-0.045801091,0.709821762,0.62393331,0.294939569,0.536031109,0.953959081,0.54631004,0.654046197,0.539875799,1.028122997,-0.281936746,0.174763922,0.29290849,2,0.550228456,2.115461519,1.163987126,1.746186251,1.211475304,0.539875799,1.019175999
B2,B2A21,7,1,9.781826021,0.518395017,524.6,-0.623814083,420.5466906,273.5034375,0.510077009,0.954474911,0.553946385,-0.92199789,1.537628537,0.193461292,0.344167246,0.567908381,0.477419366,0.578814779,0.823740537,0.558588389,0.689426289,0.854689025,0.458555869,0.016126657,-0.616119484,0.266787449,8,0.824822348,1.189537799,0.981157361,1.474682526,0.806639923,0.854689025,0.965055504
B2,B2A21,7,2,9.743528589,0.481813883,543.3,-0.623814083,479.2050239,206.0229625,0.440214856,0.95115546,0.887242409,-0.503614573,2.325978707,0.24829502,1.077683687,0.482437384,0.663413166,0.707453659,0.659359621,0.692786908,0.731675657,0.95760061,0.000668274,-0.048918734,-0.476762711,0.060568483,8,0.937747876,0.727205019,0.681934962,0.95174954,0.764071837,0.95760061,0.979268252
B2,B2A21,7,3,9.733660157,0.201212317,553.4,-0.623814083,581.1643333,154.51765,0.51292635,0.955402329,0.419466446,-0.45519884,3.761151773,0.45783664,2.303315133,0.363000753,0.337578755,0.50892042,0.666221018,0.491244814,0.544865358,0.687190469,0.560211607,-0.204022191,-0.818560845,0.447232873,8,0.663323265,1.075306868,0.713276062,1.356189416,0.792888408,0.687190469,0.965268429
B2,B2A21,7,4,9.519113581,0.1530159,594.28,-0.623814083,565.3796667,154.1624,0.523804796,0.960890847,0.428331632,-0.087615322,3.667429066,0.310163744,2.357265322,0.410177911,0.33733611,0.499448998,0.709890812,0.49603901,0.577804225,0.680059639,0.614314098,-0.183195178,-0.84502621,0.566910225,8,0.675416532,1.215932413,0.821260854,1.43111892,0.849637578,0.680059639,0.9931725
B2,B2A21,7,5,9.507727826,0.469598267,593.18,-0.623814083,575.8276667,145.732525,0.591358664,0.953639824,0.382967632,-1.00383456,3.951263911,0.403895727,2.547368184,0.385464524,0.343161273,0.563799422,0.80719551,0.522470231,0.477535516,0.656805408,0.819680975,-0.274721162,-1.145480315,0.674093405,8,0.608658434,1.123275131,0.683690882,1.544959813,0.727057832,0.656805408,0.926695223
B2,B2A21,7,6,9.336048779,0.484303917,549.74,-0.550285833,493.485,148.2939,0.733206681,0.937633621,0.312660685,-1.151261138,3.327749826,0.189533311,2.138216516,0.350589099,0.35439794,0.607158794,0.839847698,0.560578545,0.417443663,0.632200328,0.681317099,-0.183136862,-1.065925088,0.50192491,8,0.583698932,0.989252645,0.577425712,1.498180237,0.660302826,0.632200328,0.923281603
B2,B2A21,7,7,9.195238759,0.102059667,540.84,-0.550285833,442.1366667,162.1695,0.797894186,0.931439523,0.021112685,-1.796183514,2.726386075,0.026425366,1.699960709,0.411082186,0.164336446,0.494873457,0.823614634,0.428417674,0.499119575,0.383589324,1.050142655,-0.127685472,-0.494809279,1.187884224,8,0.332077713,2.501466939,0.830681421,1.922457183,1.301182134,0.383589324,0.865711563
B2,B2A21,7,8,9.413262924,0.1212659,533.94,-0.550285833,409.7969,170.945605,0.769785562,0.871912168,0.081715501,-2.880864431,2.397235659,-0.567560495,1.964796154,0.282194408,0.217850132,0.47060982,0.580792309,0.369494693,0.485878348,0.589589341,0.562210701,0.00964492,0.19620221,-0.517067629,8,0.462910299,1.295360277,0.599635613,1.571855621,0.824096221,0.589589341,0.78514021
B2,B2A21,7,9,9.874044512,-0.23300125,489.06,-1.2581535,449.7969,154.830355,0.749467871,0.841508709,0.33059831,-3.231782559,2.905095064,-1.609825485,3.514920548,0.225309118,0.332274588,0.554430373,0.513846335,0.429192042,0.438475675,0.774186275,0.11612097,0.08112009,-0.606879772,-0.072345553,8,0.599308054,0.6780811,0.406379465,1.19724106,0.566369734,0.774186275,0.774113509
B2,B2A21,7,10,9.902422496,-0.753896933,465.3,-1.549352083,428.6109,142.959855,0.727391983,0.820173917,0.461919351,-4.348035267,2.998120696,-2.388520984,4.38664168,0.274927505,0.433181604,0.680708453,0.576372955,0.498222177,0.476995845,0.86945468,-0.073302512,0.230161804,-0.501899258,-0.197122367,8,0.636368774,0.634670315,0.40388437,1.156859292,0.548614961,0.86945468,0.731917129
B2,B2A21,7,11,10.07977113,-0.66072695,479.18,-1.549352083,420.4229,127.661355,0.696957437,0.822106141,0.337187293,-4.136774224,3.293266784,-2.317284454,4.610551238,0.284844979,0.432325556,0.732598766,0.545647136,0.53817309,0.522031475,0.80332065,-0.094998989,0.108886801,-0.404549327,-0.173156085,8,0.590125968,0.658866855,0.388814441,1.013887812,0.649841971,0.80332065,0.734608239
B2,B2A21,7,12,10.40158828,-0.659007883,433.66,-1.549352083,414.3899,119.291605,0.665370274,0.832296518,0.314508818,-3.61114079,3.47375576,-3.353576335,5.827332095,0.306286698,0.483830369,0.82036265,0.480452384,0.6387334,0.637496468,0.757484059,-0.255300362,0.007495854,-0.147760083,-0.14395406,8,0.589776203,0.633045624,0.373355245,0.752195492,0.841597206,0.757484059,0.778598831
B2,B2A21,7,13,10.44274379,-0.63677245,405.7,-1.549352083,354.273,84.45075,0.662126125,0.86391491,0.194053904,-2.758778976,4.195024911,-1.572875625,4.767900536,0.253121001,0.310257713,0.760058792,0.411322708,0.564054922,0.615382997,0.550048765,-0.16746056,-0.103314871,0.010927382,0.24073903,8,0.408202255,0.815841122,0.333028186,0.729224569,1.118778983,0.550048765,0.74212012
B2,B2A21,7,14,10.50580274,-0.40832675,433.38,-1.549352083,303.029,74.379925,0.645069482,0.872496969,0.287674032,-2.306015708,4.074069717,-0.535714079,3.609783796,0.170187393,0.429478934,0.850953004,0.350692605,0.664933803,0.485289371,0.645897279,-0.220425051,-0.252165148,-0.522505291,0.087019201,8,0.50470347,0.396264822,0.199996231,0.527409801,0.751341407,0.645897279,0.781398972
B2,B2A21,7,15,10.3969538,-0.071427333,478.2,-0.440715583,298.562,82.463425,0.651177867,0.879525659,0.309542136,-1.769908675,3.620538439,-1.325459454,3.945997893,0.170535868,0.46082643,0.778147482,0.282541509,0.649369759,0.603578102,0.709651818,-0.375004049,-0.189894832,-0.147113394,-0.129490261,8,0.592209628,0.370065292,0.219156229,0.435101119,0.850527098,0.709651818,0.834507307
B2,B2A22,10,1,9.781826021,0.518395017,524.6,-0.623814083,415.5106351,173.2185781,0.838312027,0.96023935,0.46250362,-0.417999898,2.398764842,-0.227695095,1.626459937,0.263290526,0.52121721,0.667419194,0.611869463,0.645700975,0.430305061,0.807211434,-0.195548649,0.143153634,-0.854600009,0.138770054,16,0.780944292,0.505145496,0.394490492,0.947604985,0.533076022,0.807211434,0.967459402
B2,B2A22,10,2,9.743528589,0.481813883,543.3,-0.623814083,402.8216351,124.2331406,0.808624558,0.950451822,0.690928994,-0.437064814,3.2424652,-0.840872338,3.083337538,0.243723945,0.641844443,0.737166136,0.744306627,0.705503221,0.327450995,0.909768267,0.091527134,-0.036526102,-0.852408504,-0.018043393,16,0.870691709,0.379724321,0.330622818,1.055001032,0.359927914,0.909768267,0.95704779
B2,B2A22,10,3,9.733660157,0.201212317,553.4,-0.623814083,338.1123333,88.20435938,0.806236485,0.948574056,0.312625575,0.003834527,3.833283703,-1.035109125,3.868392828,0.318588363,0.363064757,0.554880332,0.782924483,0.555271591,0.406920936,0.65385077,0.490499139,-0.080514374,-0.650736045,0.038049684,16,0.654311815,0.877497353,0.574156886,1.409984764,0.622345273,0.65385077,1.000705123
B2,B2A22,10,4,9.519113581,0.1530159,594.28,-0.623814083,340.1393333,81.35889063,0.777905095,0.944153186,0.256025558,-0.330415328,4.180727278,-1.270859052,4.45158633,0.312094492,0.336139808,0.604320508,0.77481193,0.567769642,0.402800319,0.592035543,0.377524216,-0.012865254,-0.409209043,-0.127894294,16,0.556227703,0.928466326,0.516438691,1.364658962,0.680365096,0.592035543,0.939517415
B2,B2A22,10,5,9.507727826,0.469598267,593.18,-0.623814083,344.7821333,70.89615625,0.77346487,0.942454372,0.061936239,-0.195717053,4.863199242,-2.548841173,6.412040415,0.309894544,0.273465364,0.599350147,0.842792119,0.574504604,0.367699859,0.47600204,0.685802802,-0.218813481,-0.319709975,-0.083571805,16,0.456269787,1.133213141,0.517050918,1.466989322,0.772475385,0.47600204,0.958545864
B2,B2A22,10,6,9.336048779,0.484303917,549.74,-0.550285833,328.4308,71.52346875,0.744541565,0.917879309,-0.05027734,-0.088361081,4.591930533,-2.923761025,6.515691558,0.292161919,0.282421501,0.678524331,0.844442495,0.667405606,0.345982019,0.423163213,0.559919047,-0.294657732,0.342349742,-0.67386539,16,0.416228996,1.034488942,0.430584293,1.265261315,0.817608924,0.423163213,0.983613374
B2,B2A22,10,7,9.195238759,0.102059667,540.84,-0.550285833,318.3868,77.0579875,0.708075769,0.898865577,-0.097401382,-0.278515445,4.131781926,-1.944698896,5.076480822,0.25587806,0.152185912,0.560789445,0.569974344,0.528260189,0.448929084,0.288088929,0.40142377,-0.322458601,1.87816698,-0.449866944,16,0.271377989,1.68135182,0.456281876,1.078965169,1.558300368,0.288088929,0.941993815
B2,B2A22,10,8,9.413262924,0.1212659,533.94,-0.550285833,392.7919,85.21264306,0.705016026,0.850467674,-0.083605878,-1.139857928,4.609549544,-3.029435554,6.638985098,0.274842328,0.244823768,0.662236315,0.615149286,0.541846653,0.44678964,0.451832205,0.150721504,-0.015438518,0.521891878,-0.544087849,16,0.369692453,1.122612931,0.415021528,1.135282986,0.988839739,0.451832205,0.818207398
B2,B2A22,10,9,9.874044512,-0.23300125,489.06,-1.2581535,404.5886,78.76851806,0.697628278,0.823868582,-0.036226332,-1.183784863,5.136425185,-3.970353147,8.106778332,0.234109364,0.327179741,0.681548457,0.609104466,0.546290564,0.384350102,0.598911574,0.130296066,-0.015313479,0.297281666,-0.885441605,16,0.480053528,0.715537468,0.343496286,1.114982587,0.641747662,0.598911574,0.801543249
B2,B2A22,10,10,9.902422496,-0.753896933,465.3,-1.549352083,435.1048,72.49226806,0.674054781,0.783312826,0.136688981,-1.867461621,6.002085624,-5.557454687,10.55954031,0.238182997,0.455390669,0.847214138,0.583581444,0.615366591,0.408140113,0.740031514,-0.200427151,0.148774775,0.032701175,-0.728529945,16,0.537515427,0.523030033,0.281136711,0.948347624,0.551517207,0.740031514,0.726341267
B2,B2A22,10,11,10.07977113,-0.66072695,479.18,-1.549352083,417.8868,61.87369306,0.653042519,0.818126023,0.06986986,-1.310241368,6.753868717,-5.681660035,11.43552875,0.301707753,0.536468017,0.925876381,0.604488627,0.735291793,0.499112374,0.72959881,-0.325424817,0.147531949,0.130908324,-0.662927087,16,0.579416462,0.562396534,0.32586181,0.822107131,0.684091541,0.72959881,0.794157631
B2,B2A22,10,12,10.40158828,-0.659007883,433.66,-1.549352083,378.7648,54.78536181,0.649866822,0.805268471,0.069112655,-0.974256504,6.913613189,-10.66661193,16.58022512,0.419391935,0.641259705,1.004425489,0.703067862,0.844377106,0.596517004,0.759447054,-0.322276607,0.154923368,0.079613371,-0.462662398,16,0.638434322,0.654012613,0.417544099,0.832646761,0.785462267,0.759447054,0.840656789
B2,B2A22,10,13,10.44274379,-0.63677245,405.7,-1.549352083,275.2957,40.630175,0.64004321,0.866883151,-0.030058781,-0.815678572,6.775646425,-7.794717901,13.57036433,0.625627203,0.199047729,0.900311741,0.924758956,0.719630581,0.676530028,0.276597096,0.043408309,0.241638465,2.478346679,2.504101199,16,0.221087563,3.143101439,0.694900638,1.285046774,2.445904307,0.276597096,0.799312669
B2,B2A22,10,14,10.50580274,-0.40832675,433.38,-1.549352083,219.744,35.46125,0.635695787,0.876907317,-0.006606078,-0.596053657,6.196735874,-6.261848734,11.45858461,0.869366921,0.211671486,0.892168653,1.15241235,0.740891332,0.754388758,0.285698425,0.399463082,0.155977372,5.705562905,0.266715569,16,0.237255014,4.107151778,0.974442352,1.555440454,2.640507238,0.285698425,0.83043865
B2,B2A22,10,15,10.3969538,-0.071427333,478.2,-0.440715583,135.505,33.33775,0.604389682,0.881646256,0.047196443,-0.612902779,4.064611439,-2.290421385,5.355032824,0.695687483,0.289193241,0.853730089,0.948171726,0.688268262,0.733714647,0.42017518,0.305973669,0.071645753,2.193219863,-0.143965954,16,0.338740832,2.405614605,0.814879893,1.377619423,1.746211301,0.42017518,0.806189534
B3,B3A03,3,1,9.781826021,0.518395017,524.6,-0.623814083,227.8030557,167.9900125,0.830779485,0.85165319,0.095475546,-1.036680766,1.356051186,-0.041295411,0.397346597,0.815113812,0.649422225,0.771427073,0.90003268,0.759084901,0.905649128,0.855533055,0.044867447,0.140813732,0.104451681,0.016137328,4,0.84184526,1.255136922,1.056631069,1.185681178,1.058578769,0.855533055,0.984000858
B3,B3A03,3,2,9.743528589,0.481813883,543.3,-0.623814083,238.0667224,114.7793875,0.806539802,0.849141174,0.291705143,-3.14941616,2.074124349,-0.078382927,1.152507276,0.772477141,0.756910788,0.933075313,0.884166436,0.878197583,0.873678427,0.861891222,-0.117510876,0.124307586,-0.052896996,0.080435983,4,0.8112001,1.020565638,0.827882948,1.006796709,1.013675977,0.861891222,0.941186172
B3,B3A03,3,3,9.733660157,0.201212317,553.4,-0.623814083,300.4048333,83.8491375,0.829232167,0.83584656,0.262387172,-1.814268796,3.582682449,-1.28363523,3.866317679,0.586855835,0.368919454,0.527166008,0.712690689,0.483891412,0.823436933,0.762401326,0.495216792,-0.02238493,0.360723438,-0.194200189,4,0.699816468,1.590742447,1.113227761,1.472831861,1.080057058,0.762401326,0.917910875
B3,B3A03,3,4,9.519113581,0.1530159,594.28,-0.623814083,339.679,85.0791375,0.789648019,0.809556982,0.433231122,-3.82331809,3.992506388,-2.063871194,5.056377583,0.341045868,0.35168427,0.544440655,0.486837474,0.454563908,0.700533311,0.773673984,-0.020978227,0.091977192,-0.270012397,0.089875978,4,0.645955195,0.969750134,0.626415137,1.070998965,0.905463186,0.773673984,0.83491911
B3,B3A03,3,5,9.507727826,0.469598267,593.18,-0.623814083,337.542,83.291375,0.771898302,0.842092411,0.151747653,-6.71949221,4.052544456,-0.414780177,3.467324633,0.345104574,0.338899483,0.659685833,0.402977609,0.498336781,0.856386474,0.680061149,-0.284280424,0.092925552,0.551870888,0.033911788,4,0.513728606,1.018309531,0.523134736,0.808645127,1.259278633,0.680061149,0.755415314
B3,B3A03,3,6,9.336048779,0.484303917,549.74,-0.550285833,322.4346667,83.325875,0.776989739,0.850924683,0.288886265,-8.082489979,3.869562326,0.288017619,2.581544707,0.284927,0.339046355,0.646316842,0.538872678,0.452319719,0.528746421,0.749572349,0.237531457,-0.046177963,-0.587004037,0.084589594,4,0.524582268,0.840377712,0.440847246,1.191353494,0.705397446,0.749572349,0.699842075
B3,B3A03,3,7,9.195238759,0.102059667,540.84,-0.550285833,315.4454,92.83775,0.788366353,0.877252145,-0.14102896,-6.666478394,3.397813928,0.310503717,2.087310211,0.320934287,0.169004378,0.473494509,0.560318991,0.329878827,0.572770675,0.512322598,0.760868266,-0.062308233,-0.036341088,0.286238945,4,0.356929963,1.898970258,0.677799384,1.698560033,1.117988308,0.512322598,0.696689868
B3,B3A03,3,8,9.413262924,0.1212659,533.94,-0.550285833,359.151,98.11523,0.712365902,0.848431578,-0.121219517,-10.6772227,3.660502044,0.643986178,2.016515866,0.481120906,0.244448746,0.660233184,0.679526037,0.442586593,0.70802424,0.552318462,0.675920532,-0.140568924,-0.040851097,0.684152144,4,0.370246077,1.96818725,0.728713608,1.535351608,1.281913042,0.552318462,0.670348906
B3,B3A03,3,9,9.874044512,-0.23300125,489.06,-1.2581535,370.227,94.25173,0.716332764,0.852325968,-0.038903823,-9.932250697,3.92806583,0.692038272,2.236027558,0.444870437,0.326256499,0.735988485,0.635018946,0.525228413,0.700562463,0.621170696,0.305912098,-0.096878217,-0.062537851,0.334493034,4,0.443290222,1.363560387,0.604452986,1.209033881,1.127809905,0.621170696,0.713636726
B3,B3A03,3,10,9.902422496,-0.753896933,465.3,-1.549352083,317.946,74.54173,0.614966476,0.774480746,0.300794989,-10.92637784,4.265342379,1.252849061,2.012493318,0.698122819,0.673245214,1.075585667,0.78756108,0.782424297,0.886436414,0.860460515,0.051301869,-0.044736655,-0.150872819,0.212160893,4,0.625933605,1.036951775,0.649062962,1.006565214,1.030188368,0.860460515,0.727440241
B3,B3A03,3,11,10.07977113,-0.66072695,479.18,-1.549352083,270.59,62.68023,0.575115966,0.840208525,0.265072684,-3.263962803,4.316991179,1.092428606,2.224562573,0.805013676,0.796867967,1.029311117,0.827429566,0.925164632,0.972909005,0.861325584,-0.059513465,-0.046127264,0.013649494,0.262230277,4,0.774176004,1.010222156,0.782089752,0.894359271,1.129548481,0.861325584,0.898819237
B3,B3A03,3,12,10.40158828,-0.659007883,433.66,-1.549352083,244.5366,57.93123,0.589942874,0.774380015,0.089878218,-5.960896975,4.221153254,1.18368977,2.037463483,0.964039306,0.827710197,1.158769718,0.98709032,0.952977541,0.976647513,0.868551631,0.088890349,-0.053094355,0.0402188,0.224180995,4,0.714300852,1.16470633,0.831950724,1.035795995,1.124455333,0.868551631,0.822404595
B3,B3A03,3,13,10.44274379,-0.63677245,405.7,-1.549352083,125.257,39.671,0.578208352,0.975031384,-0.0613911,-1.132625882,3.15739457,0.437230914,1.720163656,0.908603367,0.570140837,1.095671929,0.956264992,1.038570979,0.950158559,0.548966655,0.00297448,-0.082223746,0.314466084,1.681247154,4,0.520357254,1.593647234,0.829265899,0.920750735,1.730812884,0.548966655,0.947884994
B3,B3A03,3,14,10.50580274,-0.40832675,433.38,-1.549352083,76.468,35.192,0.663498782,0.992080215,0.083152287,0.073740722,2.1728802,0.142820192,1.030060008,0.857818688,0.645837479,1.050460041,0.93754504,1.054650807,0.914962643,0.612370914,-0.070293739,-0.04074374,0.025866447,1.206562346,4,0.614813942,1.328226861,0.816612393,0.888962521,1.494131451,0.612370914,1.003989458
B3,B3A03,3,15,10.3969538,-0.071427333,478.2,-0.440715583,91.283,41.541,0.701923137,0.978442737,-0.204368566,-0.110385283,2.197419417,0.001735902,1.195683515,0.709702728,0.349120951,0.820697948,0.821810673,0.815383426,0.863584219,0.428167828,0.058489892,-0.050607408,0.258868224,2.809135399,4,0.425395179,2.032827669,0.86475509,1.007882484,2.016929256,0.428167828,0.993524387
B3,B3A04,6,1,9.781826021,0.518395017,524.6,-0.623814083,556.0234906,299.854925,0.621212066,0.963890597,0.671315177,-1.060259453,1.854308348,0.264344119,0.589964228,0.519859701,0.324379737,0.398178366,0.594888964,0.380498825,0.873876861,0.852511796,0.449932881,0.113512062,-0.151647485,0.202398181,8,0.814659371,1.602626927,1.305595044,1.563444943,1.025061313,0.852511796,0.955598943
B3,B3A04,6,2,9.743528589,0.481813883,543.3,-0.623814083,433.4534906,256.2673,0.611041496,0.958000555,0.707398562,-1.392905901,1.691411626,0.210454678,0.480956948,0.359361712,0.350715066,0.430383005,0.538045164,0.403206188,0.667902504,0.869815685,0.36398132,-0.029564388,-0.505461045,0.095080322,8,0.814890603,1.024654333,0.834981187,1.334416933,0.767866705,0.869815685,0.936854344
B3,B3A04,6,3,9.733660157,0.201212317,553.4,-0.623814083,373.7648333,206.5867375,0.630433754,0.946294212,0.171309731,-2.989271877,1.809239247,0.255831886,0.553407361,0.181517178,0.165212422,0.402346033,0.437090892,0.329996958,0.41528474,0.500648317,0.453205061,-0.128674997,0.236530133,-0.548469951,8,0.410622718,1.098689649,0.45114693,1.324530064,0.829493931,0.500648317,0.82018196
B3,B3A04,6,4,9.519113581,0.1530159,594.28,-0.623814083,415.4846667,187.798675,0.549612042,0.936599313,0.232197179,-4.141786298,2.212394026,0.398820385,0.813573641,0.17486956,0.280338442,0.56653798,0.551080513,0.456266001,0.317321255,0.614418871,0.447724951,-0.23991961,-0.081810047,-0.651461568,8,0.494827269,0.623780168,0.308663437,1.207805341,0.516457534,0.614418871,0.805358189
B3,B3A04,6,5,9.507727826,0.469598267,593.18,-0.623814083,423.7346667,168.1439375,0.458987645,0.905327538,0.179187373,-1.784302256,2.520071035,0.503531042,1.016539993,0.146150387,0.27474391,0.571665542,0.445974912,0.518606767,0.327709885,0.529773091,0.163835012,-0.303886896,0.170961604,-0.788313741,8,0.480602538,0.531951326,0.255657157,0.859948116,0.618585372,0.529773091,0.907185634
B3,B3A04,6,6,9.336048779,0.484303917,549.74,-0.550285833,389.617,145.9370625,0.312627524,0.860857372,0.052062725,-3.801442275,2.669760466,0.995661394,0.674099072,0.186413661,0.182456111,0.54112314,0.309875366,0.410880616,0.601576252,0.444061131,0.234235034,-0.480061306,0.123873577,0.711379014,8,0.33718039,1.021690422,0.344493975,0.754173728,1.354714948,0.444061131,0.759310748
B3,B3A04,6,7,9.195238759,0.102059667,540.84,-0.550285833,346.8262,126.60935,0.298855199,0.836416154,-0.026654308,-2.142880192,2.739341131,1.140218923,0.599122208,0.356253708,0.229556915,0.57557561,0.531947311,0.490949941,0.669716155,0.467577029,0.303954397,-0.220448184,-1.032249106,2.083766561,8,0.398830164,1.551918871,0.618952058,1.083506213,1.432311926,0.467577029,0.852972107
B3,B3A04,6,8,9.413262924,0.1212659,533.94,-0.550285833,383.9753,111.4950536,0.431126927,0.830797211,-0.056516386,-2.505330381,3.443877441,0.675028715,1.768848726,0.418464461,0.222647985,0.694807667,0.824214925,0.582456029,0.507712792,0.382257156,0.477783935,-0.062715872,-3.605616944,4.369724111,8,0.320445492,1.879489101,0.60227381,1.415068063,1.328196961,0.382257156,0.838298218
B3,B3A04,6,9,9.874044512,-0.23300125,489.06,-1.2581535,349.3833,102.5979286,0.482936291,0.814389242,0.03351063,-0.807725691,3.405364072,0.367058934,2.038305138,0.417720923,0.29427189,0.579692041,0.745595865,0.540328396,0.560251126,0.544616741,0.340316495,0.039577418,-1.673958384,1.732196749,8,0.507634863,1.419506711,0.720591096,1.379893914,1.028707133,0.544616741,0.932095592
B3,B3A04,6,10,9.902422496,-0.753896933,465.3,-1.549352083,324.1283,95.39192863,0.521184839,0.857172306,0.030338709,-2.234538946,3.397858757,0.59128138,1.806577376,0.469640669,0.225995426,0.675366251,0.732234098,0.558242141,0.641380497,0.404834049,0.268739517,0.042938775,-0.54996653,2.059987991,8,0.334626473,2.078098115,0.695386642,1.311678292,1.584304725,0.404834049,0.826576898
B3,B3A04,6,11,10.07977113,-0.66072695,479.18,-1.549352083,344.2203,94.49405363,0.544161295,0.877979833,0.0864906,-1.171418411,3.642772077,0.855785965,1.786986112,0.451973056,0.210964675,0.58294087,0.591859665,0.520957159,0.763649026,0.4049559,0.119784268,0.016316185,-0.909985714,3.466070786,8,0.361897212,2.142411072,0.775332593,1.136100453,1.885758487,0.4049559,0.893670673
B3,B3A04,6,12,10.40158828,-0.659007883,433.66,-1.549352083,354.7301,93.45451613,0.562694206,0.88219553,0.014860099,-0.991653084,3.795751289,0.926104919,1.869646369,0.399894586,0.221138559,0.544732454,0.553410002,0.491677069,0.722600937,0.449763824,0.06296244,0.062593412,-0.974528621,2.555766316,8,0.405958112,1.808344,0.734111916,1.125555852,1.606623072,0.449763824,0.902602855
B3,B3A04,6,13,10.44274379,-0.63677245,405.7,-1.549352083,285.465,94.359375,0.606897995,0.875031597,0.167316849,-1.806109642,3.025295579,0.955822501,1.069473077,0.282594513,0.216490974,0.422624838,0.465314529,0.326921065,0.60731934,0.662211761,0.438182216,-0.014858426,-0.451976318,0.293062393,8,0.512253315,1.305340852,0.668665178,1.423323791,0.91710745,0.662211761,0.773549104
B3,B3A04,6,14,10.50580274,-0.40832675,433.38,-1.549352083,242.93,90.323625,0.651507911,0.877782246,0.228806208,-1.88436701,2.689551045,0.798107387,0.891443658,0.42297372,0.298945002,0.532488988,0.56959088,0.42817702,0.742592157,0.698180865,0.419614509,-0.089344893,-0.27160665,0.402872904,8,0.561410675,1.414888079,0.794333272,1.330269615,1.06361001,0.698180865,0.80410493
B3,B3A04,6,15,10.3969538,-0.071427333,478.2,-0.440715583,249.489,82.238,0.671030915,0.864566713,0.169352634,-2.372940867,3.033743525,0.753763592,1.279979933,0.416355621,0.331572221,0.657428147,0.550554036,0.513155374,0.756248422,0.646143913,0.053174181,0.019705622,0.183634685,0.18620722,8,0.504347468,1.255701155,0.633309698,1.072879804,1.170402454,0.646143913,0.780549747
B3,B3A05,7,1,9.781826021,0.518395017,524.6,-0.623814083,536.1846225,284.8058063,0.562877885,0.947991219,0.588248266,-1.203967344,1.882632344,-0.195115088,1.077747431,0.522243209,0.513235263,0.667897313,0.843090189,0.642533349,0.619439316,0.798768288,0.184268614,0.127865908,-0.559377249,0.160766835,8,0.768434389,1.0175513,0.781921412,1.312134522,0.775493125,0.798768288,0.962024157
B3,B3A05,7,2,9.743528589,0.481813883,543.3,-0.623814083,476.0240225,214.500275,0.609008539,0.934491073,0.781079181,-2.29572771,2.219223367,-0.41937326,1.638596627,0.546666795,0.661899707,0.797056201,1.005231675,0.732840124,0.543821697,0.903197964,0.324623564,0.047069445,-0.56581143,-0.071655891,8,0.83043041,0.825905781,0.685857276,1.37169301,0.602106867,0.903197964,0.919433439
B3,B3A05,7,3,9.733660157,0.201212317,553.4,-0.623814083,379.0192333,155.245525,0.63384488,0.898503671,0.172362534,-1.318992893,2.441418091,-0.444110432,1.885528523,0.186081327,0.307067119,0.644124001,0.811451092,0.593146961,0.229319215,0.517691465,0.370866177,-0.002822259,-0.496655059,-0.307126925,8,0.476720505,0.605995613,0.288890535,1.368043917,0.442965029,0.517691465,0.920858344
B3,B3A05,7,4,9.519113581,0.1530159,594.28,-0.623814083,332.9464,146.9139,0.675204211,0.872108527,0.219798185,-3.600977977,2.266268882,-0.711422758,1.97769164,0.317293769,0.328674547,0.733191104,0.824196781,0.586126273,0.384973317,0.560757233,0.219640478,0.186535664,-0.16123645,-0.367448302,8,0.448279508,0.965373716,0.432757254,1.406176141,0.686524033,0.560757233,0.799418146
B3,B3A05,7,5,9.507727826,0.469598267,593.18,-0.623814083,329.3484,122.7550313,0.659435479,0.841459341,-0.070046273,-2.746532541,2.682972719,-1.731637133,3.414609852,0.323319312,0.28833798,0.689986949,0.856632391,0.555742389,0.377430641,0.51883388,0.688532938,-0.147113012,-0.312255866,-0.158546793,8,0.417889034,1.121320586,0.468587576,1.541419926,0.727459511,0.51883388,0.805438986
B3,B3A05,7,6,9.336048779,0.484303917,549.74,-0.550285833,366.3000666,120.4722188,0.598009076,0.805015788,-0.164963682,-2.299042655,3.040535573,-0.612894568,2.65343014,0.325768121,0.274062137,0.730545195,0.817009381,0.616043643,0.398732412,0.444874547,0.267592614,0.058627353,0.214474527,-0.411155669,8,0.375147409,1.188665187,0.445924665,1.326219968,0.896280569,0.444874547,0.843265616
B3,B3A05,7,7,9.195238759,0.102059667,540.84,-0.550285833,368.8116667,124.2430375,0.467823324,0.794006895,-0.144364633,-1.481362945,2.968469494,0.506535828,1.461933666,0.328190327,0.225780853,0.621416017,0.621526938,0.549877379,0.528038781,0.410602185,0.022960236,0.107340741,0.166189155,0.487634223,8,0.363332852,1.453579087,0.528133035,1.130300976,1.286010644,0.410602185,0.884878027
B3,B3A05,7,8,9.413262924,0.1212659,533.94,-0.550285833,359.8756,122.2888424,0.521661561,0.773683957,-0.110953997,-3.043159338,2.942832666,-0.32448058,2.267313245,0.321377447,0.207463739,0.6668188,0.655355463,0.517508727,0.490386462,0.400889353,0.190209616,0.076156397,0.346857233,0.149474546,8,0.311124609,1.549077679,0.481956187,1.266366013,1.22324641,0.400889353,0.776085987
B3,B3A05,7,9,9.874044512,-0.23300125,489.06,-1.2581535,369.0696,112.4614674,0.542135259,0.745762839,-0.021040074,-4.142128011,3.281742704,-1.673321337,3.955064041,0.268605486,0.281281633,0.754385744,0.665063041,0.533396558,0.403879737,0.527340547,0.177656626,0.069188766,-0.187253364,-0.226173999,8,0.372861808,0.954934325,0.356058539,1.246845392,0.765880302,0.527340547,0.707060761
B3,B3A05,7,10,9.902422496,-0.753896933,465.3,-1.549352083,373.8526,106.2757174,0.614607489,0.689887833,0.056616831,-8.044458297,3.517761246,-3.047648618,5.565409864,0.255770347,0.364886786,0.999754673,0.752265397,0.54558931,0.340000149,0.66879387,0.162040359,0.216772208,-0.63657856,-0.10497316,8,0.364976324,0.700958096,0.255833109,1.378812567,0.508378088,0.66879387,0.54572319
B3,B3A05,7,11,10.07977113,-0.66072695,479.18,-1.549352083,372.4416,93.71709238,0.637131242,0.717790884,0.072907049,-5.455715551,3.974105369,-3.325554027,6.299659397,0.251994265,0.353091017,0.87783797,0.655636785,0.528549569,0.384350408,0.668037659,-0.074843929,0.315289145,-0.360431499,-0.308549593,8,0.402228007,0.713680761,0.28706239,1.240445216,0.575342427,0.668037659,0.602103791
B3,B3A05,7,12,10.40158828,-0.659007883,433.66,-1.549352083,391.0476,86.87430488,0.674402746,0.668801862,0.114618632,-5.401171759,4.501303355,-7.822372267,11.32367562,0.29878957,0.403394743,0.935922575,0.664895131,0.562889023,0.449378491,0.716650577,-0.019471816,0.200690677,-0.255584614,-0.351218878,8,0.431012943,0.740687813,0.319246034,1.181218861,0.627053832,0.716650577,0.601426911
B3,B3A05,7,13,10.44274379,-0.63677245,405.7,-1.549352083,426.358,73.57375,0.687111662,0.699303516,0.018267117,-5.129521411,5.79497443,-4.690008779,9.484983209,0.336574578,0.129046395,0.805626179,0.967901128,0.387309477,0.347736528,0.333186773,1.234133264,0.264904808,-0.86941772,0.958661585,8,0.160181481,2.608167229,0.41778009,2.499038072,1.043668465,0.333186773,0.480755823
B3,B3A05,7,14,10.50580274,-0.40832675,433.38,-1.549352083,434.361,71.422775,0.653595892,0.683278804,0.031332126,-5.446218757,6.081547518,-3.947501915,9.029049433,0.300576205,0.131337505,0.833210798,0.961956325,0.375691295,0.312463463,0.349588897,1.296986231,0.26351048,-0.438800588,0.237683666,8,0.157628184,2.288578603,0.36074449,2.560496711,0.893802594,0.349588897,0.450895855
B3,B3A05,7,15,10.3969538,-0.071427333,478.2,-0.440715583,428.027,72.8319,0.626823548,0.650810386,0.039905036,-6.866232611,5.876916571,-5.650183868,10.52710044,0.321689493,0.108555735,0.86654646,0.997891033,0.300896029,0.322369359,0.3607749,1.713919705,0.602478446,0.34124441,-0.542818023,8,0.125273992,2.963357889,0.371231674,3.316398151,0.893547082,0.3607749,0.347235887
B3,B3A07,6,1,9.781826021,0.518395017,524.6,-0.623814083,323.5438325,189.6893531,0.118160619,0.88062836,0.188118731,-2.393069324,1.705650988,0.654175531,0.051475457,0.428986332,0.31074417,0.600229947,0.503889239,0.537151306,0.851350454,0.578503982,-0.320042448,0.258119361,-0.573543906,1.739272537,8,0.51770854,1.380512891,0.714703313,0.938076913,1.471641475,0.578503982,0.894909207
B3,B3A07,6,2,9.743528589,0.481813883,543.3,-0.623814083,232.8670658,160.3097531,0.165911872,0.891346042,0.426262585,-1.522080628,1.452606977,0.363042549,0.089564427,0.59802565,0.445111826,0.658115773,0.697012339,0.610642659,0.857984308,0.728923568,-0.074775862,0.216216488,-0.441097768,0.826560043,8,0.676342742,1.34354024,0.908693689,1.141440626,1.177056615,0.728923568,0.927865103
B3,B3A07,6,3,9.733660157,0.201212317,553.4,-0.623814083,190.4808667,119.911525,0.208529733,0.886224054,0.319309574,-0.568685613,1.588511752,0.269316437,0.319195315,0.704459095,0.361736335,0.514367678,0.800622362,0.490654961,0.879889356,0.737251966,0.72540274,-0.093660629,-0.191628103,0.6160028,8,0.703264124,1.947438029,1.3695633,1.631742111,1.193471699,0.737251966,0.953899286
B3,B3A07,6,4,9.519113581,0.1530159,594.28,-0.623814083,166.6120333,109.5433375,0.160923466,0.890178688,0.360332702,-0.512128275,1.520969117,0.41369219,0.107276927,0.815675831,0.409390252,0.578166384,0.867782145,0.554790782,0.939954614,0.737918266,0.773081032,-0.208919961,-0.012439038,0.634985891,8,0.708083804,1.992416347,1.410797746,1.564161071,1.273792312,0.737918266,0.959569422
B3,B3A07,6,5,9.507727826,0.469598267,593.18,-0.623814083,118.0215333,89.4328375,0.183793617,0.861827343,0.556046353,-1.432029983,1.319666653,0.509994104,-0.190327451,0.360719715,0.557009167,0.7282898,0.475061258,0.648228045,0.759312002,0.859279649,0.132947553,-0.400086238,-0.308688609,0.089545554,8,0.764818026,0.647601038,0.495296948,0.732861316,0.883661103,0.859279649,0.890068823
B3,B3A07,6,6,9.336048779,0.484303917,549.74,-0.550285833,133.0314,77.08565,0.305014294,0.820934052,0.035263876,-1.773160585,1.725760891,0.83155943,-0.10579854,0.486423248,0.333799162,0.842504391,0.613219188,0.727492026,0.793229007,0.458835493,-0.05138863,-0.105689156,1.667077627,0.321628159,8,0.396198721,1.45723328,0.577353962,0.842922213,1.728787375,0.458835493,0.863487518
B3,B3A07,6,7,9.195238759,0.102059667,540.84,-0.550285833,165.8026667,74.47225,0.234722325,0.780674856,0.066456051,-2.896553772,2.226368435,1.132826933,0.093541502,0.320952338,0.350218747,0.875143048,0.440987069,0.680671028,0.727804419,0.514519838,-0.216823894,-0.135305033,0.772657679,0.228241139,8,0.400184574,0.916433915,0.366742715,0.647871073,1.414531307,0.514519838,0.777782592
B3,B3A07,6,8,9.413262924,0.1212659,533.94,-0.550285833,240.242,79.35656375,0.210489923,0.678949573,0.046579441,-4.908411306,3.027374027,1.505775984,0.521598043,0.614459797,0.346459583,1.005051569,0.745095407,0.695788473,0.824672641,0.497938089,0.194569072,-0.123704239,0.211980207,1.530935602,8,0.344718215,1.773539622,0.611371413,1.070864833,1.656175054,0.497938089,0.692291316
B3,B3A07,6,9,9.874044512,-0.23300125,489.06,-1.2581535,267.71,72.35006375,0.247712718,0.582545734,-0.066413236,-4.17625887,3.700204065,0.39784827,2.302355795,0.482665334,0.420017111,0.940728711,0.648656435,0.652113978,0.744100125,0.644085429,0.116112051,-0.121414104,-0.025441124,0.360116986,8,0.446480592,1.149156359,0.513076011,0.994697947,1.155281724,0.644085429,0.693200888
B3,B3A07,6,10,9.902422496,-0.753896933,465.3,-1.549352083,263.211,72.50456375,0.264962676,0.58870835,-0.100949382,-4.798187679,3.630268033,1.055389432,1.5748786,0.510172997,0.416291439,0.983008315,0.678957029,0.652119649,0.751406901,0.638366656,0.19855376,-0.157399686,-0.014689802,0.400200777,8,0.423487201,1.225518828,0.518991537,1.041154074,1.177077302,0.638366656,0.663391793
B3,B3A07,6,11,10.07977113,-0.66072695,479.18,-1.549352083,272.219,59.31006375,0.160633666,0.626711292,-0.10593386,-4.057882081,4.589760705,2.967166915,0.62259379,0.487448282,0.377262054,1.084399479,0.547696065,0.742308962,0.88999778,0.508227805,-0.045261794,-0.216910573,-0.09509988,2.161727225,8,0.347899516,1.292068142,0.449509882,0.737827633,1.751178844,0.508227805,0.684534598
B3,B3A07,6,12,10.40158828,-0.659007883,433.66,-1.549352083,284.897,52.92806375,0.335948744,0.496555007,-0.031484353,-3.801200847,5.382720996,-12.1107135,16.4934345,0.452115988,0.458974841,1.001131305,0.802251119,0.642040061,0.563559187,0.714869474,0.175274476,0.074259887,-0.86901205,0.490489769,8,0.458456187,0.985056147,0.451605086,1.249534363,0.788338581,0.714869474,0.641314539
B3,B3A07,6,13,10.44274379,-0.63677245,405.7,-1.549352083,277.92,41.064,0.330086267,0.62533891,-0.089473308,-5.175318091,6.767971946,1.381244027,4.386727919,0.414015741,0.147154296,1.094323537,0.775254644,0.464170837,0.534038389,0.317026155,0.629678773,0.040513712,0.267625285,1.56999819,8,0.134470557,2.813480501,0.37833029,1.670192485,1.684524703,0.317026155,0.424162345
B3,B3A07,6,14,10.50580274,-0.40832675,433.38,-1.549352083,273.9,43.1105,0.359214786,0.704452683,0.047195733,-4.53475893,6.353440577,2.673302263,2.680138314,0.42603096,0.228331476,1.034409435,0.80334333,0.508463444,0.530322397,0.449061735,0.658683223,-0.078740085,-1.770266706,2.164925081,8,0.220736073,1.865844199,0.411859121,1.579943138,1.180956551,0.449061735,0.491549503
B3,B3A07,6,15,10.3969538,-0.071427333,478.2,-0.440715583,298.474,45.72275,0.342254458,0.763533646,0.075949528,-2.855927509,6.527910067,3.228805386,2.299104681,0.302113628,0.234341954,0.797917532,0.672991755,0.485608287,0.448911336,0.482574042,0.64737773,-0.261504026,-2.426168387,2.29152124,8,0.293691947,1.289199918,0.378627634,1.385873704,0.930243438,0.482574042,0.608594582
B3,B3A09,11,1,9.781826021,0.518395017,524.6,-0.623814083,460.8333911,260.0748688,0.55766374,0.969600626,0.73644094,-0.130747284,1.771925882,0.37289511,0.399030772,0.374969801,0.363293414,0.415190834,0.576609452,0.41016354,0.65030117,0.885728201,0.359236313,0.046567461,-0.555240335,0.094289187,16,0.875003456,1.032140376,0.903126396,1.405803774,0.734199463,0.885728201,0.987891606
B3,B3A09,11,2,9.743528589,0.481813883,543.3,-0.623814083,477.3109245,212.7377906,0.621702403,0.966863079,0.78457213,-0.666917457,2.24365837,0.451536559,0.79212181,0.372610308,0.433023698,0.509972189,0.616038875,0.478622918,0.604848692,0.904728298,0.426360793,-0.139253862,-0.51531014,-0.03774171,16,0.849112378,0.860484795,0.730648291,1.287106931,0.668541808,0.904728298,0.93852749
B3,B3A09,11,3,9.733660157,0.201212317,553.4,-0.623814083,472.8842833,164.4434469,0.657688745,0.948995533,0.340347328,-1.625844447,2.875665113,0.717567985,1.158097129,0.367884893,0.248920805,0.518378449,0.599824005,0.41950893,0.613321392,0.593362352,0.676898216,-0.247074052,0.693918076,-0.625512246,16,0.48019127,1.477919424,0.709684005,1.429824164,1.033637185,0.593362352,0.809271548
B3,B3A09,11,4,9.519113581,0.1530159,594.28,-0.623814083,500.2617833,151.3201344,0.650424457,0.938033508,0.349590825,-2.096635464,3.305982944,0.833464432,1.472518512,0.249060301,0.327430322,0.648875931,0.50732363,0.510319652,0.490929825,0.641618092,0.257814443,-0.263685317,0.280844051,-0.695399685,16,0.504611601,0.760651303,0.383833471,0.994129125,0.765143363,0.641618092,0.786467225
B3,B3A09,11,5,9.507727826,0.469598267,593.18,-0.623814083,492.8905333,132.1150156,0.611593278,0.914418541,0.285583238,-1.919625626,3.730768459,1.106973611,1.623794849,0.269889444,0.333462861,0.732862196,0.395683882,0.587562616,0.682083491,0.567535871,-0.032105907,-0.294461388,1.233094115,-0.78869091,16,0.455014412,0.80935383,0.368267657,0.673432706,1.201833268,0.567535871,0.801736833
B3,B3A09,11,6,9.336048779,0.484303917,549.74,-0.550285833,446.9208666,114.5502031,0.579284645,0.861478266,-0.070484654,-2.142596197,3.901528364,1.492434006,1.409094359,0.257315813,0.094208754,0.668002544,0.403947326,0.480958249,0.637003381,0.195877197,0.12326083,-0.283380597,8.693533792,0.882326666,16,0.141030532,2.731336547,0.385201845,0.839880233,3.252054806,0.195877197,0.719994637
B3,B3A09,11,7,9.195238759,0.102059667,540.84,-0.550285833,404.3047333,107.56555,0.53715723,0.858063675,-0.090741102,-1.436385465,3.758682341,1.765741711,0.99294063,0.259114031,0.142203712,0.648056621,0.497827781,0.514520795,0.520489296,0.276380884,0.130440888,-0.162884695,-1.232150712,3.778713084,16,0.219430999,1.822132682,0.399832395,0.967556192,1.883231895,0.276380884,0.793944198
B3,B3A09,11,8,9.413262924,0.1212659,533.94,-0.550285833,368.0498,102.8627068,0.537929899,0.876669612,-0.082789992,-1.430046412,3.578068392,1.47259586,1.105472532,0.083392689,0.118361396,0.665242039,0.51775145,0.52621727,0.161067031,0.224928756,0.058011851,-0.074099921,-6.196108182,5.708879053,16,0.177922303,0.704559864,0.125356914,0.98391193,0.716080213,0.224928756,0.79101626
B3,B3A09,11,9,9.874044512,-0.23300125,489.06,-1.2581535,381.7768,97.51601931,0.520866339,0.860325412,-0.04936918,-1.542330838,3.915016247,1.161607156,1.753409091,0.078997146,0.181076144,0.637664219,0.462224088,0.479502427,0.170906598,0.377633426,0.004637763,-0.040671654,-2.26214803,1.466970124,16,0.283967861,0.436264792,0.12388518,0.963966109,0.452572749,0.377633426,0.751966964
B3,B3A09,11,10,9.902422496,-0.753896933,465.3,-1.549352083,374.2388,92.18701931,0.47105564,0.871546334,-0.042596017,-2.025356075,4.059560693,1.556574876,1.502985817,0.106837122,0.206371145,0.728586519,0.387281039,0.508885731,0.275864582,0.405535334,-0.05968178,-0.179280888,-2.301444342,1.764181621,16,0.283248646,0.517694088,0.14663615,0.761037331,0.680247955,0.405535334,0.698456145
B3,B3A09,11,11,10.07977113,-0.66072695,479.18,-1.549352083,389.9348,92.21033181,0.437551613,0.88160671,0.02135157,-1.690387086,4.228753897,1.487463445,1.741290452,0.153900662,0.206797274,0.675374105,0.352272244,0.492055484,0.436879897,0.420272266,0.139626174,-0.423706415,-0.791116899,0.871711163,16,0.306196628,0.744210303,0.227874685,0.715919759,1.039516361,0.420272266,0.728567294
B3,B3A09,11,12,10.40158828,-0.659007883,433.66,-1.549352083,376.7244,88.52193806,0.407987209,0.864420384,0.032221897,-1.59591721,4.255717941,1.630285939,1.625432002,0.207604023,0.247733662,0.675450716,0.358788405,0.495165778,0.578625227,0.50030449,0.17368138,-0.449098986,0.181580867,0.156018109,16,0.366767932,0.838012972,0.307356285,0.724582395,1.156546141,0.50030449,0.733089427
B3,B3A09,11,13,10.44274379,-0.63677245,405.7,-1.549352083,371.585,84.0603125,0.325340835,0.861033483,0.12390577,-1.941998633,4.420457038,2.035681345,1.384775693,0.206180921,0.250684958,0.655607061,0.40067363,0.424582625,0.514585702,0.590426795,0.355019142,-0.411330902,-0.209723694,-0.030679179,16,0.382370742,0.822470253,0.314488561,0.943688239,0.871548695,0.590426795,0.647617529
B3,B3A09,11,14,10.50580274,-0.40832675,433.38,-1.549352083,340.886,81.5030625,0.234434842,0.87483088,0.140977487,-1.595533381,4.182493143,2.013883752,1.16860939,0.258503511,0.284410442,0.702609228,0.349998975,0.506845617,0.738583623,0.561138209,0.191792982,-0.501249425,0.374203997,0.358241833,16,0.404791782,0.908910057,0.367919322,0.690543556,1.31622408,0.561138209,0.72137626
B3,B3A09,11,15,10.3969538,-0.071427333,478.2,-0.440715583,343.197,80.714625,0.218532498,0.862495032,0.133242054,-2.052543765,4.251980357,2.081551383,1.170428974,0.255454306,0.289974595,0.765467523,0.340852578,0.511171134,0.74945687,0.56727498,0.354118008,-0.687310838,0.633963078,0.11148137,16,0.378820246,0.880954091,0.333723245,0.66680717,1.321152697,0.56727498,0.667789448
B3,B3A11,4,1,9.781826021,0.518395017,524.6,-0.623814083,370.6355,295.8703,0.897423333,0.871907411,0.803534439,-4.391358222,1.25269586,-0.143774091,0.396469952,0.505080664,0.610652951,0.687352134,1.186076818,0.642825615,0.425841443,0.949951179,0.884525978,-0.039427104,-0.733748903,-0.065298659,4,0.888413551,0.827115735,0.734820827,1.845098874,0.448277188,0.949951179,0.935220221
B3,B3A11,4,2,9.743528589,0.481813883,543.3,-0.623814083,330.9361667,205.18905,0.709842925,0.837753219,0.698254331,-5.624838535,1.612835415,0.225172559,0.387662856,0.432202946,0.671049761,0.810590731,0.917951188,0.728351861,0.470834345,0.921326349,0.270045368,-0.009732549,-0.749361726,0.010523306,4,0.827852744,0.644069891,0.533195026,1.26031282,0.511039704,0.921326349,0.898544522
B3,B3A11,4,3,9.733660157,0.201212317,553.4,-0.623814083,350.2295,152.887925,0.509325631,0.745678264,0.192177264,-5.096573101,2.290759718,0.517023364,0.773736355,0.407478384,0.319265522,0.615343741,0.676072181,0.515337679,0.602714319,0.619526836,0.447089048,-0.13518773,-0.462505972,0.408967077,4,0.518840935,1.276299367,0.662196357,1.311901318,0.972862326,0.619526836,0.837479355
B3,B3A11,4,4,9.519113581,0.1530159,594.28,-0.623814083,381.9685,170.9138,0.371133254,0.753241071,0.094516498,-8.560964518,2.234860497,0.927962155,0.306898342,0.253248012,0.292513405,0.664363456,0.331603391,0.514095347,0.763707546,0.56898668,-0.116015757,-0.23896111,0.469145016,0.332420105,4,0.440291232,0.865765494,0.381188956,0.645023133,1.342223946,0.56898668,0.773816414
B3,B3A11,4,5,9.507727826,0.469598267,593.18,-0.623814083,396.797,155.610375,0.334346539,0.739597645,-0.047439274,-1.364996543,2.549939231,1.011492737,0.538446494,0.209521731,0.340478796,0.552300911,0.259151798,0.525985252,0.808490363,0.647316242,-0.366492704,-0.140809456,0.389694237,0.170277346,4,0.616473356,0.6153738,0.379361552,0.49269784,1.248988224,0.647316242,0.952352678
B3,B3A11,4,6,9.336048779,0.484303917,549.74,-0.550285833,360.569,156.920375,0.194777366,0.762677854,-0.132804976,-4.859781277,2.297783191,0.982243258,0.315539934,0.099435759,0.345288115,0.661452209,0.119934698,0.568543026,0.829082497,0.607320992,-0.558092146,-0.230956892,1.176851647,-0.313225018,4,0.522015212,0.287979096,0.150329469,0.210950962,1.365147109,0.607320992,0.859537572
B3,B3A11,4,7,9.195238759,0.102059667,540.84,-0.550285833,324.0922333,164.45595,0.143335096,0.764370579,-0.065383227,-1.740061761,1.970693267,0.889182917,0.081510349,0.206499451,0.261502392,0.519107901,0.226643701,0.487365752,0.911119303,0.536562923,-0.340032825,-0.194928956,1.026096436,0.857332,4,0.503753443,0.789665629,0.39779678,0.465038219,1.698066087,0.536562923,0.938852502
B3,B3A11,4,8,9.413262924,0.1212659,533.94,-0.550285833,313.1079,160.0190848,0.073264536,0.823117205,0.028164996,-0.631207449,1.956690982,0.822309726,0.134381255,0.185046955,0.267352437,0.379650635,0.189596666,0.367816907,0.976003211,0.726862828,-0.216550441,-0.267984765,0.093485373,0.709522298,4,0.704206479,0.692146132,0.48741379,0.515464794,1.342761212,0.726862828,0.968829953
B3,B3A11,4,9,9.874044512,-0.23300125,489.06,-1.2581535,324.8587,136.9398348,0.069326947,0.838067469,0.161822416,-0.829131011,2.3722732,1.085444313,0.286828887,0.191228334,0.295291909,0.378364888,0.197790053,0.360200757,0.966824826,0.819798135,-0.138181111,-0.312708291,0.030583911,0.360270702,4,0.780442157,0.647590834,0.505407187,0.549110598,1.179344993,0.819798135,0.951993086
B3,B3A11,4,10,9.902422496,-0.753896933,465.3,-1.549352083,304.5197,131.7320848,0.092942389,0.849936127,0.057119516,-2.174058224,2.311659309,0.965988468,0.345670841,0.210673831,0.342096753,0.49022666,0.256948625,0.440715755,0.819906436,0.776229914,-0.115142576,-0.301831693,0.002358468,0.113342578,4,0.697833841,0.615831135,0.429747806,0.583025731,1.056267506,0.776229914,0.899004055
B3,B3A11,4,11,10.07977113,-0.66072695,479.18,-1.549352083,299.3073,113.5525848,0.080489903,0.841064868,-0.21634493,-5.360868685,2.63584753,1.222356814,0.413490716,0.20201346,0.221710273,0.53029554,0.250558001,0.388664189,0.806254279,0.570441731,0.175629783,-0.530965293,0.127508514,0.870151088,4,0.418088133,0.911159677,0.380945049,0.64466449,1.413385864,0.570441731,0.732919965
B3,B3A11,4,12,10.40158828,-0.659007883,433.66,-1.549352083,297.3374,113.5845098,0.082245319,0.822633036,-0.203994447,-7.921881025,2.617763643,1.200083247,0.417680396,0.214954197,0.221764825,0.610194782,0.263124388,0.400961646,0.816929968,0.553082387,0.172553874,-0.516320567,0.210996026,0.97067869,4,0.363432844,0.969288966,0.352271445,0.656233308,1.477049327,0.553082387,0.657104352
B3,B3A11,4,13,10.44274379,-0.63677245,405.7,-1.549352083,297.9144,106.97775,0.069216139,0.746229314,-0.265167194,-6.532240821,2.784825817,1.430604882,0.354220935,0.215890122,0.133419026,0.499473089,0.262671219,0.316288058,0.821902464,0.42182758,0.110702317,-0.280221329,0.485304728,2.31108354,4,0.267119548,1.618135947,0.432235743,0.830480988,1.948432259,0.42182758,0.633243441
B3,B3A11,4,14,10.50580274,-0.40832675,433.38,-1.549352083,262.8836,106.9194,0.067785026,0.744038719,-0.253950803,-9.543176878,2.458708148,1.221938004,0.236770145,0.251105396,0.134108497,0.638666204,0.29472615,0.370898795,0.851995644,0.361577062,0.171546608,-0.376919735,0.839459096,3.712841943,4,0.209982141,1.872404821,0.393171573,0.794626873,2.356332116,0.361577062,0.580739662
B3,B3A11,4,15,10.3969538,-0.071427333,478.2,-0.440715583,266.2456,128.72965,0.00813165,0.778414025,0.115744069,-15.35191255,2.068253895,1.09375537,-0.025501475,0.248563941,0.321407469,0.780574937,0.252745311,0.422803921,0.983456193,0.760180909,0.367584899,-0.769801154,-0.003422428,0.67711667,4,0.411757352,0.773360813,0.318437,0.597783744,1.293713354,0.760180909,0.541657054
B3,B3A13,4,1,9.781826021,0.518395017,524.6,-0.623814083,534.7628667,354.99185,0.597804109,0.906212771,0.8515559,-0.192626446,1.506408856,0.224563753,0.281845103,0.291311415,0.448143448,0.467220715,0.623526826,0.465592849,0.467199489,0.96252219,0.513776612,-0.174566123,-0.753959716,-0.010435982,4,0.959168619,0.650040552,0.623498499,1.339210489,0.485390876,0.96252219,0.996515851
B3,B3A13,4,2,9.743528589,0.481813883,543.3,-0.623814083,460.8972,282.7602875,0.577094634,0.899874365,0.854887619,-2.43285043,1.629992684,0.449849392,0.180143292,0.411920034,0.515675555,0.56008482,0.679579082,0.534273022,0.606139954,0.96519108,0.422015664,-0.15004599,-0.652655983,0.047039925,4,0.920709752,0.798796898,0.735460093,1.271969675,0.627999954,0.96519108,0.953914485
B3,B3A13,4,3,9.733660157,0.201212317,553.4,-0.623814083,418.4802,217.4654125,0.591175669,0.860946716,0.246542324,-9.381736622,1.924352913,0.613432307,0.310920606,0.288387817,0.257548434,0.557193104,0.840854464,0.427769259,0.342969955,0.602073264,1.155598969,-0.189926012,-0.669045757,-0.006455164,4,0.462224733,1.119742074,0.517572481,1.965672957,0.569648206,0.602073264,0.767721739
B3,B3A13,4,4,9.519113581,0.1530159,594.28,-0.623814083,399.3420333,210.7482875,0.537281141,0.836533558,0.241593373,-12.68314975,1.894876765,0.655391018,0.239485748,0.321260072,0.296923841,0.661795018,0.737065178,0.481250494,0.435863858,0.61698397,0.735056442,-0.203494009,-0.514007409,0.013068781,4,0.448664364,1.081961191,0.485437429,1.531562433,0.706442759,0.61698397,0.72718966
B3,B3A13,4,5,9.507727826,0.469598267,593.18,-0.623814083,392.0841,171.2773125,0.410690647,0.790286373,0.079057225,-5.704762057,2.289177091,0.882551743,0.406625348,0.336798341,0.298795299,0.626605975,0.50785132,0.526684474,0.663182959,0.567313664,0.110593142,-0.146351085,0.099085947,0.267447381,4,0.476847191,1.127187552,0.537496217,0.964242057,1.168988164,0.567313664,0.840535352
B3,B3A13,4,6,9.336048779,0.484303917,549.74,-0.550285833,374.4813333,151.1333125,0.260467351,0.728412991,-0.196050998,-4.120605367,2.47782125,1.138522633,0.339298617,0.303642297,0.221292628,0.575860603,0.451896355,0.494066484,0.671929068,0.447900506,0.033778452,-0.119131599,-0.287286725,1.537811264,4,0.38428159,1.372130193,0.527284373,0.914646853,1.500174836,0.447900506,0.857961947
B3,B3A13,4,7,9.195238759,0.102059667,540.84,-0.550285833,398.5594,145.0317,0.12873792,0.71279692,-0.314982803,-2.132660798,2.748084729,1.469586546,0.278498183,0.228568497,0.234694804,0.452248419,0.254547727,0.408134047,0.897939651,0.575043435,-0.315500165,-0.060813258,0.09730049,1.341032417,4,0.518951077,0.973896707,0.505404745,0.623686577,1.561516221,0.575043435,0.902455442
B3,B3A13,4,8,9.413262924,0.1212659,533.94,-0.550285833,365.1813,134.7176048,0.074853332,0.793242457,-0.258049138,-1.187034563,2.71071699,1.413833003,0.296883987,0.133701299,0.134250905,0.383914505,0.182281283,0.357480664,0.733488907,0.37554732,-0.235614211,-0.254480496,-0.626635312,3.441312281,4,0.349689589,0.995906127,0.348258004,0.509905294,1.953119804,0.37554732,0.931146544
B3,B3A13,4,9,9.874044512,-0.23300125,489.06,-1.2581535,371.6013,125.9181048,0.039158468,0.817988417,-0.232349193,-1.47893826,2.951134793,1.521453154,0.429681639,0.116944816,0.150174861,0.398050875,0.131126736,0.362815158,0.891845704,0.413915621,-0.315526195,-0.323059093,-0.265691808,3.90823354,4,0.377275546,0.778724314,0.293793641,0.361414712,2.154655827,0.413915621,0.911479362
B3,B3A13,4,10,9.902422496,-0.753896933,465.3,-1.549352083,367.6803,129.2746048,0.073324418,0.843904027,-0.266773101,-2.674435523,2.844180423,1.343381913,0.500798509,0.134230359,0.120429087,0.542217527,0.177682628,0.480153469,0.755450096,0.25081374,-0.270390306,-0.359555868,-1.163621541,9.23574421,4,0.222104748,1.114600814,0.247558133,0.370053826,3.011996459,0.25081374,0.885536607
B3,B3A13,4,11,10.07977113,-0.66072695,479.18,-1.549352083,344.6203,133.3028548,0.098403093,0.873941514,-0.210817897,-2.942018628,2.585243209,0.982016791,0.603226418,0.083393951,0.156995495,0.505503168,0.143166602,0.439292614,0.582495844,0.357382506,-0.091424279,-0.582673128,-1.09209246,2.748649118,4,0.310572723,0.531186901,0.164972162,0.325902593,1.629894677,0.357382506,0.869020496
B3,B3A13,4,12,10.40158828,-0.659007883,433.66,-1.549352083,331.9299,126.9187798,0.104634276,0.847959263,-0.15897838,-6.20633085,2.615293817,1.042779915,0.572513902,0.086937578,0.207151318,0.639251871,0.138487108,0.492551812,0.627766579,0.420567569,-0.116709317,-0.602128164,-0.215335849,1.443385276,4,0.324052737,0.41968151,0.135998942,0.281162519,1.492665209,0.420567569,0.770512898
B3,B3A13,4,13,10.44274379,-0.63677245,405.7,-1.549352083,333.13,123.5295,0.105454434,0.762327866,0.057375196,-6.685553572,2.69676474,1.154828483,0.541936258,0.092624187,0.195654254,0.525678014,0.142880434,0.363314686,0.648263613,0.538525585,-0.24109975,-0.365631165,-0.023492134,0.472566282,4,0.372194098,0.473407476,0.176199468,0.393269085,1.203774957,0.538525585,0.691135403
B3,B3A13,4,14,10.50580274,-0.40832675,433.38,-1.549352083,298.487,124.03075,0.105627949,0.714580396,0.15372361,-14.18299049,2.406556439,0.97872577,0.427830669,0.241171936,0.191576623,0.690702815,0.276736189,0.34765102,0.871486799,0.551060149,0.123167607,-0.327150413,0.446694338,1.054362807,4,0.277364763,1.258879775,0.349168891,0.796017194,1.581473093,0.551060149,0.50332938
B3,B3A13,4,15,10.3969538,-0.071427333,478.2,-0.440715583,292.114,127.489,0.052498519,0.648036968,0.188398711,-25.71494948,2.291287876,0.9920562,0.299231675,0.24915671,0.193581956,0.884936351,0.266255139,0.27982651,0.935781789,0.691792769,0.555087866,-0.6035871,0.161717645,0.668055049,4,0.218752407,1.287086437,0.281553255,0.951500767,1.352690909,0.691792769,0.316210889
B3,B3A16,14,1,9.781826021,0.518395017,524.6,-0.623814083,359.9794126,171.9554438,0.643741011,0.927744552,0.378444431,-0.613458406,2.093445864,-0.230201306,1.32364717,0.317331112,0.474905593,0.645092188,0.88396143,0.598714132,0.358987509,0.793209259,0.383411767,0.093021448,-1.014162584,0.21898766,16,0.73618252,0.668198304,0.491915912,1.476433215,0.452576045,0.793209259,0.928106312
B3,B3A16,14,2,9.743528589,0.481813883,543.3,-0.623814083,341.3960793,134.7537719,0.672716766,0.92727677,0.44244081,-0.572100947,2.533480692,-0.404436229,1.937916922,0.222791771,0.56879712,0.771887381,0.747203607,0.716695514,0.298167419,0.793638455,0.032749923,0.009817796,-1.157214484,0.298362562,16,0.736891331,0.391689345,0.288632483,1.042567719,0.37569679,0.793638455,0.928497513
B3,B3A16,14,3,9.733660157,0.201212317,553.4,-0.623814083,367.4079333,100.4380844,0.701435186,0.90340493,0.12508591,-0.263470301,3.658053971,-1.459151571,4.117205542,0.238379467,0.220190062,0.557579088,0.665426824,0.523477343,0.358235434,0.420629593,0.242234706,0.028931721,-1.03376904,0.759102037,16,0.39490373,1.08260775,0.427525839,1.271166426,0.851664839,0.420629593,0.938839627
B3,B3A16,14,4,9.519113581,0.1530159,594.28,-0.623814083,410.3801,96.69580313,0.708809815,0.897683554,0.164130756,-0.74349137,4.244032179,-1.817637875,5.061670054,0.177790411,0.254655483,0.624196631,0.698316616,0.524239989,0.254598569,0.48576127,0.184825054,0.14723017,-1.605292522,0.879997256,16,0.407973177,0.698160546,0.284830776,1.332055224,0.524122824,0.48576127,0.839863534
B3,B3A16,14,5,9.507727826,0.469598267,593.18,-0.623814083,415.5935,86.39467188,0.737394945,0.882586595,0.135608767,-1.005021643,4.810406603,-2.801196415,6.611603018,0.154003384,0.258633032,0.718339755,0.725399786,0.567111895,0.212301392,0.456052914,0.142063063,0.137049212,-1.891855291,1.108563425,16,0.360042766,0.595451334,0.214387945,1.279112275,0.465519209,0.456052914,0.789475859
B3,B3A16,14,6,9.336048779,0.484303917,549.74,-0.550285833,490.947,80.58607813,0.766660404,0.86424588,-0.011255865,-1.082813473,6.092206141,-3.953762804,9.045968945,0.305568674,0.153385475,0.716426818,0.953509329,0.541749312,0.32046742,0.283129987,0.715535656,0.044520718,-1.277097592,1.558235939,16,0.214097897,1.992161734,0.426517639,1.760056374,1.131873821,0.283129987,0.756182346
B3,B3A16,14,7,9.195238759,0.102059667,540.84,-0.550285833,530.8713333,83.70175,0.721098487,0.865134268,-0.015044458,-1.706437136,6.342416178,-3.487081496,8.829497674,0.312060468,0.125415939,0.756677101,0.905494606,0.491644616,0.344629848,0.255094707,0.719233906,0.122532639,-1.676821721,2.50198987,16,0.165745652,2.488204209,0.412409029,1.841766545,1.350987842,0.255094707,0.649741634
B3,B3A16,14,8,9.413262924,0.1212659,533.94,-0.550285833,507.2937,89.3830525,0.660788879,0.870497542,0.079146015,-2.019824139,5.675502076,-2.454420801,7.129922877,0.369226786,0.230959907,0.791865809,0.871941553,0.498099674,0.423453596,0.463682108,0.689935429,0.060600855,-1.051292051,0.885301507,16,0.291665462,1.598661825,0.46627444,1.750536285,0.913241182,0.463682108,0.629020307
B3,B3A16,14,9,9.874044512,-0.23300125,489.06,-1.2581535,495.6217,82.6233275,0.647968059,0.866700484,0.134091408,-1.046368355,5.998568625,-2.032513966,7.031082591,0.386648158,0.356855163,0.728482865,0.878358107,0.56384669,0.440194216,0.632893958,0.781441382,-0.223645401,-0.796530881,0.280287326,16,0.489860751,1.083487639,0.530758068,1.557795982,0.69552602,0.632893958,0.774001307
B3,B3A16,14,10,9.902422496,-0.753896933,465.3,-1.549352083,482.8827,74.952515,0.630626624,0.8625336,0.253200048,-0.728424631,6.442514971,-1.811467136,7.253982107,0.428174311,0.500375994,0.781698343,0.899508119,0.655358083,0.47600939,0.763515407,0.588732793,-0.216188314,-0.735310094,0.12399299,16,0.640113924,0.855705143,0.547748777,1.372544479,0.623444381,0.763515407,0.83837722
B3,B3A16,14,11,10.07977113,-0.66072695,479.18,-1.549352083,444.9077,70.156765,0.550955486,0.881158137,0.272388162,-0.679046948,6.341622223,-0.885310548,6.226932771,0.359685713,0.515358231,0.814807286,0.746970153,0.688980356,0.481526218,0.748001342,0.382959487,-0.298791925,-1.068641721,0.483056392,16,0.632490946,0.697933381,0.441436544,1.084167562,0.643750473,0.748001342,0.845574614
B3,B3A16,14,12,10.40158828,-0.659007883,433.66,-1.549352083,377.5017,62.3922025,0.50969514,0.891911021,0.221268693,-0.528529604,6.050462796,-0.568706764,5.61916956,0.290734163,0.584721265,0.906091272,0.690816712,0.795967177,0.420855718,0.734604745,0.060577178,-0.192681199,-1.133271137,0.461486575,16,0.645322699,0.497218385,0.32086631,0.867895979,0.572900898,0.734604745,0.87846247
B3,B3A16,14,13,10.44274379,-0.63677245,405.7,-1.549352083,492.685,46.5929,0.438926637,0.900007033,0.093711545,-0.409630964,10.57425058,-2.916022333,12.49027292,0.516907681,0.292266761,0.776216532,0.844816826,0.661924386,0.611857702,0.441541009,0.384190431,-0.107886303,-1.351952795,2.272207204,16,0.37652736,1.768616039,0.665932327,1.276304128,1.385732445,0.441541009,0.852757393
B3,B3A16,14,14,10.50580274,-0.40832675,433.38,-1.549352083,480.447,45.658575,0.382494387,0.879825059,0.169153012,-0.412612726,10.52260172,-9.83900727,19.36160899,0.542560508,0.308554115,0.756880112,0.739595333,0.639400198,0.733591038,0.482568063,0.316687453,-0.159985696,-0.296366559,1.607318326,16,0.407665772,1.758396603,0.71683811,1.156701758,1.520181492,0.482568063,0.844783987
B3,B3A16,14,15,10.3969538,-0.071427333,478.2,-0.440715583,500.742,50.6932625,0.337676903,0.894587456,0.061928855,-0.462529233,9.877880714,-7.975932208,16.85381292,0.486060793,0.240156232,0.718730534,0.637222301,0.600117532,0.762780574,0.400181996,0.229496026,-0.167666856,-0.082288142,2.715445073,16,0.334139459,2.02393579,0.67627681,1.06182917,1.906084188,0.400181996,0.834968746
B3,B3A20,4,1,9.781826021,0.518395017,524.6,-0.623814083,724.3867803,162.9931313,0.655624767,0.900443372,0.151171646,-3.071785949,4.444277957,0.630844902,2.813433055,0.349868637,0.504441232,0.685565949,0.765640838,0.629027629,0.456961828,0.801938117,0.155046342,0.06213523,-1.106902869,0.431599763,8,0.735802636,0.693576605,0.510335494,1.217181572,0.569821808,0.801938117,0.917530443
B3,B3A20,4,2,9.743528589,0.481813883,543.3,-0.623814083,674.8867803,121.9277563,0.573739586,0.913269746,0.139256202,-5.624750569,5.535136552,0.662384619,3.872751934,0.425296349,0.49307902,0.821681937,0.67931909,0.683286446,0.626062708,0.721628569,0.011117187,-0.016923472,-1.041702553,0.79437884,8,0.600085018,0.862531829,0.517592428,0.994193715,0.867569183,0.721628569,0.831570484
B3,B3A20,4,3,9.733660157,0.201212317,553.4,-0.623814083,546.5695,108.0745063,0.641784056,0.868274299,0.157256833,-1.148939776,5.057339783,-1.023709565,5.081049348,0.218474948,0.317106314,0.531888991,0.427929626,0.499996,0.510539432,0.634217702,-0.121795725,-0.022338176,-0.778843048,0.42685328,8,0.596188902,0.688964359,0.410752904,0.855866099,0.804990827,0.634217702,0.940038256
B3,B3A20,4,4,9.519113581,0.1530159,594.28,-0.623814083,568.3473333,116.9570063,0.629097227,0.839264581,0.114762373,-3.136818602,4.85945521,-1.663833409,5.523288619,0.201262286,0.252163429,0.564908869,0.447759239,0.484448056,0.449487736,0.520516959,-0.161989882,0.086256651,-1.002355084,0.748058144,8,0.446378952,0.79814225,0.356273901,0.924266769,0.863541001,0.520516959,0.857568508
B3,B3A20,4,5,9.507727826,0.469598267,593.18,-0.623814083,504.4153333,108.63725,0.508124999,0.848727228,-0.070478241,-5.676422704,4.643115813,0.545236233,3.097879579,0.163970451,0.286455875,0.718076061,0.358449313,0.56132257,0.457443897,0.510323101,-0.372282073,0.010861978,-0.951576916,0.75507569,8,0.398921354,0.57241085,0.228346911,0.638579905,0.896380931,0.510323101,0.781703501
B3,B3A20,4,6,9.336048779,0.484303917,549.74,-0.550285833,429.994,118.478875,0.537040497,0.810629438,-0.099898869,-6.315062834,3.629288343,-0.008914923,2.638203266,0.325652719,0.335141659,0.822736894,0.515241228,0.66283338,0.632039327,0.505619766,-0.362998342,0.140329786,0.329449523,0.233122761,8,0.407349738,0.97168678,0.395816356,0.777331444,1.250028914,0.505619766,0.80564441
B3,B3A20,4,7,9.195238759,0.102059667,540.84,-0.550285833,379.9707,128.669875,0.577467462,0.810286979,-0.209729527,-5.552169369,2.95306652,-0.199518291,2.152584811,0.47239561,0.229499613,0.682581684,0.676847044,0.553130186,0.697935544,0.414910664,0.097041199,0.126625601,1.708387251,0.121189234,8,0.336222928,2.058372143,0.69207191,1.223666799,1.682134503,0.414910664,0.810350173
B3,B3A20,4,8,9.413262924,0.1212659,533.94,-0.550285833,360.1562,120.9373625,0.514526222,0.710233862,-0.193248627,-9.715240155,2.978039148,-0.786782414,2.764821562,0.465623332,0.225360359,0.647720923,0.607152403,0.406722443,0.76689696,0.55408882,0.355959404,0.136833562,0.460354038,0.455291968,8,0.347928175,2.066127934,0.718864121,1.492792966,1.384068642,0.55408882,0.627928525
B3,B3A20,4,9,9.874044512,-0.23300125,489.06,-1.2581535,287.9852,103.5446125,0.517450139,0.684761636,0.318595592,-7.095109862,2.781266867,-1.49273027,3.273997137,0.390344981,0.458370519,0.780832853,0.624282246,0.575266102,0.625270035,0.796797373,0.058811401,0.026394634,-0.246611496,-0.137588844,8,0.587027707,0.851592686,0.499908501,1.085206035,0.784729036,0.796797373,0.736733988
B3,B3A20,4,10,9.902422496,-0.753896933,465.3,-1.549352083,324.6012,96.2968625,0.385684047,0.599635093,0.603496492,-12.06431395,3.370838796,-1.431213645,3.802052441,0.542621111,0.550521381,0.990361698,0.854079306,0.614514127,0.635328719,0.895864483,0.401143458,-0.011298591,-0.473284568,-0.023779881,8,0.555879112,0.985649476,0.547901955,1.389844867,0.709179491,0.895864483,0.620494642
B3,B3A20,4,11,10.07977113,-0.66072695,479.18,-1.549352083,393.6442,80.5121125,0.273479635,0.66091154,0.617338718,-8.174141684,4.889254396,0.420148162,3.469106235,0.478736181,0.469459547,0.844680434,0.738402619,0.540099865,0.648340308,0.869208784,0.535077147,-0.167917726,-0.477698926,0.034061404,8,0.555783617,1.019760242,0.566766036,1.367159421,0.745897096,0.869208784,0.639413254
B3,B3A20,4,12,10.40158828,-0.659007883,433.66,-1.549352083,446.6245,61.7446125,0.162712772,0.579154971,0.516685325,-7.227419176,7.233416519,2.212696429,4.02072009,0.325466309,0.577533717,1.003438721,0.411552384,0.652278407,0.790825959,0.885409836,-0.17016114,-0.198892963,-0.237324466,0.035086104,8,0.575554546,0.563545122,0.324350957,0.630945897,0.893175032,0.885409836,0.65004309
B3,B3A20,4,13,10.44274379,-0.63677245,405.7,-1.549352083,444.379,54.271,0.168252264,0.680115798,0.605879439,-6.456186294,8.188148367,3.292835781,3.895312586,0.329185235,0.454717141,0.902853932,0.409006709,0.545967954,0.804840673,0.832864159,0.186656497,-0.437515991,-0.359780175,0.293618051,8,0.503644194,0.72393408,0.364605197,0.749140506,0.966352874,0.832864159,0.604713493
B3,B3A20,4,14,10.50580274,-0.40832675,433.38,-1.549352083,443.798,63.419075,0.167964225,0.674140587,0.360058603,-6.304561365,6.997863025,2.522919469,3.474943556,0.33202454,0.374693046,0.794834793,0.411449851,0.496601429,0.806962354,0.754514637,0.175288127,-0.34675678,-0.207730517,0.35158614,8,0.471409971,0.886124104,0.417727738,0.828531347,1.069511862,0.754514637,0.62478572
B3,B3A20,4,15,10.3969538,-0.071427333,478.2,-0.440715583,356.507,71.833825,0.310457864,0.658994395,0.186649935,-5.606272545,4.962940509,0.903186035,3.059754474,0.452364483,0.357037805,0.751350778,0.648311654,0.517215708,0.697757753,0.690307349,0.396340748,-0.142876007,-0.362275546,0.383977789,8,0.475194563,1.266993234,0.602068296,1.253464741,1.010792878,0.690307349,0.688381144
B3,B3A21,2,1,9.781826021,0.518395017,524.6,-0.623814083,509.3821667,338.18925,0.685344904,0.999982605,0.962626917,0.204661581,1.50620449,-0.004734405,0.510938894,0.262062289,0.47114913,0.474692972,0.447641513,0.475298141,0.585428924,0.991270719,0.107767848,-0.165955805,-0.654801521,0.003591336,2,0.992534454,0.556219406,0.552066925,0.941812043,0.5905843,0.991270719,1.001274864
B3,B3A21,2,2,9.743528589,0.481813883,543.3,-0.623814083,422.1721667,253.896525,0.793206667,0.999845764,0.938212454,-0.510104196,1.662772528,0.012343562,0.650428966,0.554649425,0.740060596,0.753434472,0.699150537,0.751425369,0.793319029,0.984875713,0.023244799,-0.092812362,-0.364566217,0.013399153,2,0.982249451,0.749464879,0.736161466,0.930432436,0.805501667,0.984875713,0.997333408
B3,B3A21,2,3,9.733660157,0.201212317,553.4,-0.623814083,327.8788333,227.607775,0.928789559,0.99024855,0.930441583,-0.633125224,1.440543203,0.033145136,0.407398067,0.665951495,0.610116874,0.623725028,0.782044278,0.620943378,0.851552162,0.982564425,0.266984195,-0.007538801,-0.265399834,0.016504465,2,0.978182446,1.091514633,1.067700453,1.259445395,0.866662928,0.982564425,0.995540262
B3,B3A21,2,4,9.519113581,0.1530159,594.28,-0.623814083,298.6311667,217.154775,0.871828719,0.996316653,0.887545253,0.553262734,1.375199632,0.033936604,0.341263028,0.785655208,0.664479624,0.681129707,0.89222271,0.683677488,0.880559529,0.971919708,0.287101054,0.017933447,-0.202067068,0.022903577,2,0.975555195,1.182361625,1.153459026,1.305034502,0.906000281,0.971919708,1.003740522
B3,B3A21,2,5,9.507727826,0.469598267,593.18,-0.623814083,346.1921667,213.123775,0.773288525,0.956626376,0.56344227,-1.966350533,1.624371409,0.127010462,0.497360947,0.897614502,0.667691372,0.760361701,1.085513762,0.751135369,0.826902922,0.888909508,0.460338788,-0.015174832,-0.258419385,0.123773673,2,0.878123361,1.344355401,1.180509882,1.445163956,0.930244209,0.888909508,0.987865865
B3,B3A21,2,6,9.336048779,0.484303917,549.74,-0.550285833,270.9686667,199.782775,0.781982116,0.940620828,0.555392377,-6.049402795,1.356316463,0.105356395,0.250960068,1.081438824,0.729924533,0.854720431,1.308806404,0.824440529,0.826278676,0.885357412,0.619798623,-0.032290054,-0.294521953,0.165517302,2,0.853992144,1.48157621,1.265254444,1.587508569,0.933271315,0.885357412,0.964573326
B3,B3A21,2,7,9.195238759,0.102059667,540.84,-0.550285833,291.8786667,208.338,0.705513204,0.948483895,0.481613315,-4.10719046,1.400986218,0.14033544,0.260650778,0.956661138,0.647120682,0.767642618,1.155023425,0.747928545,0.828261244,0.865217254,0.579073902,-0.034777416,-0.279631856,0.196030288,2,0.842997337,1.478334976,1.246232447,1.544296486,0.957287016,0.865217254,0.974318684
B3,B3A21,2,8,9.413262924,0.1212659,533.94,-0.550285833,320.6595,128.94989,0.60736298,0.907252832,0.050203703,6.519955796,2.486698515,0.350385228,1.136313287,0.844406197,0.689964625,0.809458645,0.957403411,0.860020579,0.881975338,0.80226525,0.055664345,0.057568798,-0.123381389,0.33196561,2,0.852377857,1.223839841,1.043173981,1.113233142,1.099356276,0.80226525,1.062463888
B3,B3A21,2,9,9.874044512,-0.23300125,489.06,-1.2581535,337.1605,102.98489,0.679390808,0.801611942,0.683347837,11.9155911,3.273883188,0.292181668,1.98170152,0.768840815,1.006104427,0.937350738,0.90804262,1.053053062,0.846701243,0.955416648,-0.165301977,0.027597195,-0.254788476,0.040159341,2,1.073348946,0.764175958,0.820227459,0.862295218,0.886211523,0.955416648,1.123435465
B3,B3A21,2,10,9.902422496,-0.753896933,465.3,-1.549352083,196.4875,51.57089,0.918129661,0.927194618,0.61715788,3.682010361,3.810046714,0.02487893,2.785167785,0.41709236,1.154252027,1.178822617,0.471048733,1.250219686,0.885454796,0.923239364,-0.626612666,0.003385435,-0.104526868,0.024349654,2,0.979156669,0.361352937,0.353821138,0.376772769,0.959073921,0.923239364,1.060566422
B3,B3A21,2,11,10.07977113,-0.66072695,479.18,-1.549352083,211.0135,29.61089,0.914813736,0.983487061,0.895760964,-0.57644244,7.126212687,-0.540968456,6.667181144,0.398689933,1.043398778,1.091135001,0.452341122,1.071667757,0.881392191,0.973621509,-0.637000253,0.059091073,-0.194252486,0.013769696,2,0.956250855,0.382106958,0.365390105,0.42209082,0.905271898,0.973621509,0.98215872
B3,B3A21,2,12,10.40158828,-0.659007883,433.66,-1.549352083,207.7205,17.71589,0.940999394,0.992912841,0.153575595,0.12245036,11.72509538,-0.449239897,11.17433528,0.413183698,0.651190015,0.840441451,0.449443275,0.847353345,0.919323352,0.768498784,-0.438041759,-0.031549908,0.205503408,0.225531458,2,0.774819013,0.63450558,0.491626987,0.530408333,1.196258695,0.768498784,1.008224124
B3,B3A21,2,13,10.44274379,-0.63677245,405.7,-1.549352083,175.098,20.6615,0.998135556,0.998777378,0.309644464,0.000808261,8.474602522,-0.032145434,7.506747956,0.363779976,0.696473003,0.860237638,0.458945723,0.860276757,0.792642699,0.809591794,-0.466412242,-0.000101622,-0.10136321,0.059930781,2,0.80962861,0.522317412,0.42288312,0.533486136,0.979064641,0.809591794,1.000045475
B3,B3A21,2,14,10.50580274,-0.40832675,433.38,-1.549352083,140.297,21.7076,0.999849122,0.999668406,0.17642744,-0.038822547,6.463035987,-0.000967251,5.464003239,0.554193911,0.615336822,0.80218886,0.660058105,0.800400429,0.839613827,0.768786222,-0.176067316,0.000727175,0.177426327,0.015319708,2,0.76707226,0.900635054,0.690852166,0.824659859,1.092129129,0.768786222,0.997770561
B3,B3A21,2,15,10.3969538,-0.071427333,478.2,-0.440715583,128.522,30.1316,0.999990679,0.91464374,-0.502741669,-1.370778509,4.265355972,-0.565484039,3.830840011,0.709038214,0.43910948,0.877879786,0.809944526,0.832386732,0.875415773,0.527530609,-0.08219192,0.055230647,1.776427917,-0.022621506,2,0.500193178,1.614718529,0.807671192,0.973038727,1.659459675,0.527530609,0.948178492
B3,B3A22,13,1,9.781826021,0.518395017,524.6,-0.623814083,315.7455762,184.4206281,0.675457147,0.899990942,0.282743494,-1.014615202,1.71209468,0.013860953,0.698233727,0.501650812,0.431518388,0.618498318,0.923251003,0.552478684,0.543352578,0.781058891,0.46188542,0.209221592,-0.415586136,-0.100468981,16,0.697687246,1.162524763,0.8110787,1.671107012,0.695661472,0.781058891,0.893258183
B3,B3A22,13,2,9.743528589,0.481813883,543.3,-0.623814083,274.2932429,145.5011156,0.663960836,0.90919051,0.292609566,-0.421696978,1.885162473,-0.647320717,1.53248319,0.472275532,0.478294797,0.655448862,0.812272383,0.620669996,0.581425077,0.77061047,0.194888508,0.113814003,-0.809471849,0.378741076,16,0.729720998,0.987415157,0.720537573,1.308702511,0.754499322,0.77061047,0.946938857
B3,B3A22,13,3,9.733660157,0.201212317,553.4,-0.623814083,381.2051667,120.5763813,0.659981963,0.902405264,0.052301672,-0.901103742,3.161524361,-0.997405252,3.158929613,0.532492743,0.231310408,0.601052082,0.768607833,0.511372455,0.692801609,0.452332553,0.47578548,0.027243917,0.863353555,0.482506433,16,0.384842537,2.302069965,0.885934446,1.503029397,1.531620053,0.452332553,0.85079558
B3,B3A22,13,4,9.519113581,0.1530159,594.28,-0.623814083,436.828,119.142475,0.630729639,0.895617199,0.080108913,-1.419642478,3.666433822,-1.350157664,4.016591486,0.390031277,0.247080545,0.66798952,0.640427149,0.525003488,0.6090174,0.470626482,0.107470385,0.112382748,0.418561605,0.256021397,16,0.369886858,1.578559241,0.583888318,1.219853132,1.2940568,0.470626482,0.785945696
B3,B3A22,13,5,9.507727826,0.469598267,593.18,-0.623814083,434.211,108.0781125,0.628389727,0.891174378,0.108598763,-1.500459499,4.017566462,-1.78243318,4.799999641,0.399373307,0.25603751,0.754770064,0.652532211,0.588172836,0.612036157,0.435309987,-0.003951739,0.113374295,0.739177902,0.237595541,16,0.339225841,1.559823432,0.529132415,1.109422556,1.405977753,0.435309987,0.779274197
B3,B3A22,13,6,9.336048779,0.484303917,549.74,-0.550285833,375.722,107.03605,0.630541513,0.867530787,0.025096599,-1.301639935,3.510237906,-2.514546086,5.024783992,0.53247018,0.244907935,0.684431068,0.742787453,0.538501923,0.716854032,0.454794912,0.195159145,0.184199815,1.594325803,-0.109875749,16,0.357827028,2.174164676,0.777974884,1.379358959,1.576213835,0.454794912,0.786787667
B3,B3A22,13,7,9.195238759,0.102059667,540.84,-0.550285833,383.1152333,112.932125,0.64519188,0.868242636,0.040359768,-1.953072557,3.39243801,-2.253236241,4.64567425,0.511304022,0.199252358,0.69145556,0.766804361,0.483924969,0.666798532,0.411742254,0.380639974,0.203912199,2.065260593,-0.442622325,16,0.288163649,2.566112784,0.739460425,1.584552173,1.619456164,0.411742254,0.699864166
B3,B3A22,13,8,9.413262924,0.1212659,533.94,-0.550285833,298.5383,107.5835481,0.633033816,0.880622034,0.021847027,-2.36759685,2.774943801,-4.111388571,5.886332373,0.335130986,0.171737709,0.752669504,0.712797992,0.488584867,0.47016264,0.351500262,0.180248627,0.278654503,0.25671851,0.532423963,16,0.228171473,1.951411764,0.445256496,1.45890313,1.337588305,0.351500262,0.649135995
B3,B3A22,13,9,9.874044512,-0.23300125,489.06,-1.2581535,256.738,101.2940481,0.659435889,0.873692263,0.087001461,-1.691654274,2.534581298,-3.148919184,4.683500482,0.166169605,0.277752435,0.709858698,0.670869889,0.509453525,0.247692746,0.545196806,-0.167072495,0.483914672,-0.912247895,0.118652778,16,0.391278483,0.59826516,0.234088284,1.316842177,0.454318043,0.545196806,0.717683007
B3,B3A22,13,10,9.902422496,-0.753896933,465.3,-1.549352083,284.511,92.10629813,0.692362657,0.868308044,0.257604091,-1.562372283,3.088941862,-1.738534465,3.827476327,0.284678801,0.418009846,0.805335484,0.691240078,0.601782982,0.411837812,0.694618922,-0.247021924,0.39567534,-0.909137518,0.260664946,16,0.519050575,0.681033721,0.353490945,1.148653416,0.592897485,0.694618922,0.747245085
B3,B3A22,13,11,10.07977113,-0.66072695,479.18,-1.549352083,325.839,80.74397313,0.677343977,0.85709043,0.237730702,-1.693197909,4.035459086,-2.160657893,5.196116979,0.22563869,0.372837692,0.800562139,0.631920307,0.548922616,0.357068269,0.679217217,0.051528225,0.099672853,-0.577597622,-0.14603604,16,0.465719865,0.605192809,0.281850314,1.151201078,0.525705562,0.679217217,0.685671466
B3,B3A22,13,12,10.40158828,-0.659007883,433.66,-1.549352083,320.4671,69.73259813,0.651907869,0.846952901,0.110958015,-1.790853438,4.595656961,-1.242282419,4.83793938,0.237284169,0.362657818,0.922172924,0.676272587,0.613992219,0.350870601,0.590655397,0.01989354,0.081541569,-0.247233632,-0.399887536,16,0.393264439,0.654292164,0.257309841,1.101435108,0.594036053,0.590655397,0.665810287
B3,B3A22,13,13,10.44274379,-0.63677245,405.7,-1.549352083,323.8747,57.249425,0.655628621,0.814421894,0.074560375,-1.472567397,5.65725682,-0.481557529,5.138814349,0.225951193,0.238377863,0.845395394,0.772103448,0.536731879,0.292643678,0.444128386,0.306872779,0.131654496,-0.63054297,0.064714389,16,0.281972039,0.947869864,0.267272798,1.438527275,0.658916853,0.444128386,0.634888577
B3,B3A22,13,14,10.50580274,-0.40832675,433.38,-1.549352083,315.769,53.795375,0.638589955,0.800182948,0.063556433,-1.414157128,5.869816876,-0.843234546,5.713051421,0.267788057,0.276605981,0.898882718,0.798613204,0.583430218,0.33531634,0.474102939,0.215688076,0.153135786,-0.682604741,0.182828296,16,0.307721993,0.968120991,0.297912121,1.368823862,0.707264841,0.474102939,0.649061559
B3,B3A22,13,15,10.3969538,-0.071427333,478.2,-0.440715583,312.8617,60.0585,0.575531243,0.789488449,-0.003574295,-1.56440219,5.209282616,-0.682955846,4.892238462,0.258086064,0.267857387,0.873264197,1.094288358,0.56068852,0.235848313,0.477729394,0.801845556,0.149841199,-0.949064453,0.192790319,16,0.306731214,0.963520425,0.29554179,1.951686755,0.493685999,0.477729394,0.642060584
B3,B3A23,4,1,9.781826021,0.518395017,524.6,-0.623814083,490.8518333,239.1585,0.451395033,0.918487654,0.172898672,1.503070127,2.052412243,0.399799118,0.652613125,0.486397745,0.443979745,0.574844528,1.043491878,0.593699013,0.46612509,0.747819578,0.698168876,0.059442059,-0.064047745,-0.547434117,4,0.772347519,1.095540395,0.846137906,1.757610936,0.623312232,0.747819578,1.032799277
B3,B3A23,4,2,9.743528589,0.481813883,543.3,-0.623814083,430.5743333,204.059375,0.636635352,0.952609008,0.200028576,0.446403845,2.11004436,0.256673141,0.853371219,0.516402016,0.443245211,0.637990568,1.195209968,0.64455342,0.432059663,0.687678006,0.864441841,-0.010119251,-0.16762713,-0.43762738,4,0.694751981,1.165048157,0.809419515,1.85432259,0.628287744,0.687678006,1.010286754
B3,B3A23,4,3,9.733660157,0.201212317,553.4,-0.623814083,437.7743333,173.151875,0.687186302,0.901986347,-0.060374239,0.860207792,2.528267934,0.168901624,1.35936631,0.519313005,0.224825116,0.480084905,0.970930953,0.49498872,0.534860902,0.454202504,1.013231364,-0.051709991,-0.970537549,1.357238,4,0.468302821,2.309853165,1.081710754,1.961521374,1.177582461,0.454202504,1.031044122
B3,B3A23,4,4,9.519113581,0.1530159,594.28,-0.623814083,500.5023333,175.519875,0.696772906,0.871976293,-0.055379077,-3.688728469,2.851542216,-0.830187864,2.68173008,0.441324455,0.201008378,0.540704636,0.94669209,0.477656588,0.466175285,0.420821953,0.995190246,-0.013238959,-1.048509946,1.275671425,4,0.371752645,2.195552534,0.816202461,1.981951287,1.107773207,0.420821953,0.88339651
B3,B3A23,4,5,9.507727826,0.469598267,593.18,-0.623814083,556.3263333,163.231875,0.633919281,0.823986906,0.212914093,-9.465055721,3.408196673,-2.364257171,4.772453844,0.268004098,0.317503278,0.702476122,0.72251877,0.528520103,0.370930292,0.60074021,0.168661144,0.198399003,-1.230222585,0.611473766,4,0.451977324,0.844098681,0.381513463,1.367060147,0.617455408,0.60074021,0.752367356
B3,B3A23,4,6,9.336048779,0.484303917,549.74,-0.550285833,527.253,168.924875,0.590067181,0.764753472,0.056318791,-12.79730979,3.121227705,-2.650076184,4.771303889,0.205140419,0.36014494,0.832677228,0.447864277,0.60540502,0.458041485,0.594882645,-0.409437035,0.149213322,-1.402400837,0.995253848,4,0.432514458,0.569605168,0.24636247,0.739776287,0.769969487,0.594882645,0.727058456
B3,B3A23,4,7,9.195238759,0.102059667,540.84,-0.550285833,519.943,169.0115,0.581630549,0.730315472,0.038235195,-14.76747687,3.07637646,-4.026743589,6.103120049,0.235701676,0.359964198,0.825142504,0.464090068,0.563015781,0.507879165,0.639350103,-0.517682839,0.341976018,-1.130565661,0.761585937,4,0.436244886,0.654791998,0.285649661,0.824293179,0.794367847,0.639350103,0.682325512
B3,B3A23,4,8,9.413262924,0.1212659,533.94,-0.550285833,448.5648,177.9623775,0.608088838,0.713182871,0.139479247,-14.97036161,2.520559718,-4.182803881,5.703363599,0.388245575,0.386931429,0.766379254,0.630896409,0.514016448,0.6153872,0.752760792,-0.157311532,0.384697176,-0.498086494,0.166404153,4,0.504882441,1.003396329,0.506597188,1.227385643,0.817506979,0.752760792,0.670707676
B3,B3A23,4,9,9.874044512,-0.23300125,489.06,-1.2581535,351.8478,170.1208775,0.633809165,0.693891477,0.237500704,-15.50167406,2.068222344,-2.707212014,3.775434358,0.558904269,0.451531208,0.853546461,0.714042457,0.580181881,0.782732544,0.77825803,0.069744347,0.160977397,-0.047914711,0.059446559,4,0.52900601,1.237797651,0.654802397,1.230721744,1.005749396,0.77825803,0.679730873
B3,B3A23,4,10,9.902422496,-0.753896933,465.3,-1.549352083,277.9548,167.3518775,0.652871125,0.690733299,0.270226953,-15.87752915,1.660900398,-2.083034473,2.743934871,0.74368424,0.481067112,0.886651487,0.897904856,0.602026132,0.828243923,0.799080116,0.337810325,0.153661237,-0.004085744,0.078411203,4,0.542566182,1.545905388,0.838755984,1.491471562,1.036496724,0.799080116,0.678988465
B3,B3A23,4,11,10.07977113,-0.66072695,479.18,-1.549352083,203.2578,141.7488775,0.696756708,0.716754991,0.189680163,-10.5670274,1.433928815,-2.487783037,2.921711853,0.436554441,0.466036904,0.872253222,0.633567515,0.648610659,0.689041704,0.718515641,-0.093026185,0.069833313,-0.118276316,0.03791782,4,0.534290837,0.936737921,0.500490488,0.976807128,0.958979408,0.718515641,0.743603627
B3,B3A23,4,12,10.40158828,-0.659007883,433.66,-1.549352083,166.7338,119.2458775,0.794644824,0.627440312,0.476622155,-6.540739885,1.398235339,-19.61483875,20.01307409,0.357375668,0.612344428,0.872472906,0.832945589,0.707920302,0.429050436,0.86499063,-0.155436315,0.332045585,-0.531919587,-0.222047114,4,0.701849219,0.583618715,0.40961234,1.176609269,0.496017438,0.86499063,0.81139517
B3,B3A23,4,13,10.44274379,-0.63677245,405.7,-1.549352083,182.616,87.3475,0.737904222,0.724177308,-0.066673291,-12.78649738,2.090683763,-6.47215934,7.562843103,0.455760833,0.280893371,0.992749447,1.179793626,0.553589859,0.386305557,0.507403389,-0.494434251,1.625603395,-1.047893833,0.627529608,4,0.282944878,1.622540368,0.459089486,2.131169144,0.761338148,0.507403389,0.557633006
B3,B3A23,4,14,10.50580274,-0.40832675,433.38,-1.549352083,200.486,95.5315,0.653172854,0.810552987,0.128737867,-9.157079969,2.098637622,-2.434050579,3.532688201,0.383169161,0.347174341,0.824422669,0.967471614,0.536860557,0.396052096,0.646675075,-0.482406918,1.284497987,-0.815546259,0.190633583,4,0.421112075,1.103679378,0.464772713,1.802091069,0.612443731,0.646675075,0.651195773
B3,B3A23,4,15,10.3969538,-0.071427333,478.2,-0.440715583,210.354,101.1935,0.6319635,0.855424725,0.164543109,-5.87066692,2.078730353,-1.411773275,2.490503628,0.304824593,0.314155538,0.655174187,0.896927634,0.481131381,0.339854167,0.652951669,0.018481171,0.845724054,-0.773795922,0.044704729,4,0.47949926,0.970298328,0.46525733,1.864205225,0.520489008,0.652951669,0.734356435
B3,B3A24,15,1,9.781826021,0.518395017,524.6,-0.623814083,761.7297478,256.6209969,0.640679207,0.913950312,0.657241971,-1.601977804,2.968306402,0.634012304,1.334294098,0.29169152,0.422310374,0.558703395,0.783654772,0.471307237,0.372219414,0.896040503,0.807506866,-0.144780918,-0.968820629,0.141381674,16,0.755875796,0.690704132,0.522086536,1.662725948,0.415404675,0.896040503,0.843573247
B3,B3A24,15,2,9.743528589,0.481813883,543.3,-0.623814083,669.5089145,200.2818,0.649869713,0.909507142,0.623318613,-1.297239983,3.342834518,0.384529219,1.9583053,0.365244869,0.522833984,0.67620595,0.872644798,0.585526918,0.4185493,0.892929032,0.615531415,-0.125173292,-0.817209917,0.036924737,16,0.773187494,0.698586703,0.540138502,1.490358123,0.468737475,0.892929032,0.865900275
B3,B3A24,15,3,9.733660157,0.201212317,553.4,-0.623814083,620.6112167,155.0277688,0.655515798,0.883880612,0.099722074,-0.931969176,4.003226143,-0.562867091,3.566093233,0.324870774,0.249852606,0.569706555,0.817220101,0.485543772,0.397531551,0.514583073,0.717681929,-0.03457909,-0.967993356,0.564798028,16,0.438563685,1.300249692,0.570242297,1.68310284,0.77253134,0.514583073,0.852269941
B3,B3A24,15,4,9.519113581,0.1530159,594.28,-0.623814083,638.60455,142.9062375,0.618243789,0.888001598,0.14662361,-1.229139477,4.468696127,-0.738638843,4.20733497,0.298270245,0.291654973,0.661962718,0.83176373,0.541548431,0.358599726,0.538557508,0.590486984,-0.054587917,-0.617181384,0.060540596,16,0.440591238,1.022681841,0.450584659,1.535899067,0.665852245,0.538557508,0.818095062
B3,B3A24,15,5,9.507727826,0.469598267,593.18,-0.623814083,584.8969,126.7259906,0.531371773,0.865393776,0.075526876,-1.23671549,4.615445475,-1.852990608,5.468436083,0.169133406,0.232366427,0.722335525,0.766666413,0.585709906,0.220608863,0.396726134,0.600809861,-0.291857417,0.056661464,-0.747443803,16,0.321687663,0.727873678,0.234147982,1.308952444,0.556073432,0.396726134,0.81085574
B3,B3A24,15,6,9.336048779,0.484303917,549.74,-0.550285833,573.704,117.5680844,0.446184079,0.842345232,-0.050188786,-1.801472342,4.879759699,-1.575684901,5.4554446,0.185351043,0.169407278,0.781373238,0.718812262,0.566854026,0.257857375,0.298855209,0.708775342,-0.440702382,-1.193128448,0.93758174,16,0.216807116,1.094114992,0.237211916,1.26807296,0.862817067,0.298855209,0.725458716
B3,B3A24,15,7,9.195238759,0.102059667,540.84,-0.550285833,585.7643333,115.196675,0.367323467,0.853050055,-0.04929932,-1.850652126,5.084906603,-0.546144328,4.631050931,0.152679012,0.20718288,0.853736028,0.481939468,0.628823897,0.316801221,0.329476792,0.070396932,-0.303982884,-0.023818734,-0.051644824,16,0.242677916,0.736928705,0.178836322,0.766414048,0.961528181,0.329476792,0.736555417
B3,B3A24,15,8,9.413262924,0.1212659,533.94,-0.550285833,536.3769,108.3893124,0.295279917,0.884505754,-0.02682183,-1.335399146,4.948614286,-0.159655569,4.108269855,0.173166832,0.142937445,0.834086273,0.414637705,0.661600743,0.417634069,0.21604789,-0.286876941,-0.086404136,-2.620604683,5.357335211,16,0.171370096,1.211486831,0.207612615,0.626718923,1.933062474,0.21604789,0.793204209
B3,B3A24,15,9,9.874044512,-0.23300125,489.06,-1.2581535,497.1649,100.1556499,0.286707831,0.869868292,-0.001732648,-1.065603491,4.963922657,0.609148959,3.354773698,0.222950908,0.229510017,0.802057541,0.42069435,0.653104897,0.52995936,0.351413714,-0.340950232,-0.014904622,0.762739925,0.511559931,16,0.286151561,0.971421252,0.277973707,0.644145146,1.508078199,0.351413714,0.814286836
B3,B3A24,15,10,9.902422496,-0.753896933,465.3,-1.549352083,476.4929,87.05864994,0.276850009,0.869476314,0.096853833,-1.126789701,5.47324017,1.208682699,3.264557472,0.151950038,0.339071215,0.828056432,0.441499428,0.646856105,0.344168142,0.524183373,-0.207346174,-0.110122697,0.019509853,-0.588412999,16,0.40947839,0.448136059,0.183502032,0.682531129,0.656579663,0.524183373,0.78117394
B3,B3A24,15,11,10.07977113,-0.66072695,479.18,-1.549352083,526.2149,88.78114994,0.28190464,0.854564041,0.128495347,-0.995690853,5.927101647,1.370953566,3.556148081,0.269738878,0.361000263,0.857650375,0.516181982,0.700638758,0.522565467,0.515244495,0.060029214,-0.323298658,-0.35223005,0.380849406,16,0.420917746,0.747198565,0.314509136,0.736730556,1.014208734,0.515244495,0.816928177
B3,B3A24,15,12,10.40158828,-0.659007883,433.66,-1.549352083,519.9269,87.48269369,0.293147933,0.824133332,0.129069453,-0.837704443,5.943197198,1.125753653,3.817443545,0.277087598,0.372156369,0.833059497,0.562611495,0.699000271,0.492502554,0.532412338,0.082157682,-0.277277458,-0.72654178,0.582240242,16,0.446734441,0.744546168,0.332614416,0.804880224,0.925039708,0.532412338,0.839076049
B3,B3A24,15,13,10.44274379,-0.63677245,405.7,-1.549352083,506.637,78.126775,0.256508129,0.791583199,0.127114662,-0.874541978,6.484806265,1.508428613,3.976377652,0.309215363,0.378425027,0.757266324,0.494794347,0.600551962,0.624937137,0.630128699,0.301942521,-0.478043212,-0.892338453,0.875928549,16,0.499725149,0.817111292,0.408331062,0.823899309,0.991761108,0.630128699,0.793052514
B3,B3A24,15,14,10.50580274,-0.40832675,433.38,-1.549352083,480.574,78.1972,0.225912522,0.781342914,0.160095448,-0.802491535,6.14566762,0.933845838,4.211821782,0.395348995,0.377767796,0.764848961,0.51218723,0.621175255,0.771883741,0.608150104,0.106710647,-0.282165198,-0.510406176,1.121356748,16,0.493911629,1.046539698,0.516898127,0.824545449,1.269232277,0.608150104,0.812154147
B3,B3A24,15,15,10.3969538,-0.071427333,478.2,-0.440715583,455.626,81.728075,0.2700838,0.787708454,0.090197226,-1.421656705,5.574901893,-0.300863186,4.875765078,0.401962713,0.321290122,0.853170795,0.583585202,0.609641336,0.688781538,0.527014988,-0.200466326,0.157726222,-0.860555073,1.568669903,16,0.376583591,1.251089549,0.471139795,0.957259895,1.306948671,0.527014988,0.714559546
B4,B4A02,11,1,9.781826021,0.518395017,524.6,-0.623814083,338.6198887,220.5394531,0.586634276,0.950813489,0.640425391,-0.491489621,1.53541638,0.479324422,0.056091958,0.288604898,0.398105357,0.52615828,0.807220356,0.503872489,0.357529261,0.790091473,0.603675992,-0.001642991,-1.210804944,0.415575935,16,0.756626612,0.724946029,0.548513458,1.602033002,0.452516289,0.790091473,0.957644321
B4,B4A02,11,2,9.743528589,0.481813883,543.3,-0.623814083,309.8875887,173.9654844,0.572679136,0.954343797,0.743114739,-0.820165693,1.781316505,0.515091612,0.266224893,0.312596825,0.49684059,0.615776854,0.640059777,0.568631543,0.488386922,0.873747854,0.21045987,-0.084845604,-0.76992198,0.082354196,16,0.806851682,0.629169256,0.507646272,1.125614266,0.558956363,0.873747854,0.923437669
B4,B4A02,11,3,9.733660157,0.201212317,553.4,-0.623814083,330.1162667,131.1253281,0.565129768,0.936073084,0.210964826,-0.418715626,2.517562941,0.800626753,0.716936187,0.305666973,0.278040522,0.498433038,0.626129042,0.466500563,0.488185266,0.596013261,0.532374238,-0.190191415,-0.371380063,0.042279597,16,0.557829239,1.099361241,0.613255844,1.342182823,0.819084571,0.596013261,0.935934273
B4,B4A02,11,4,9.519113581,0.1530159,594.28,-0.623814083,339.4006,124.9402969,0.588475921,0.918967557,0.198073471,-1.173853793,2.716502269,1.018854149,0.69764812,0.2741743,0.275762275,0.602611754,0.633711495,0.508658576,0.432648457,0.542136293,0.439928713,-0.194080271,-0.762640162,0.399513918,16,0.457611843,0.994241507,0.454976688,1.245848442,0.798043706,0.542136293,0.844090034
B4,B4A02,11,5,9.507727826,0.469598267,593.18,-0.623814083,351.3379,117.6355313,0.598354075,0.886848714,0.102626081,-1.586213858,2.986664796,1.217470953,0.769193843,0.249629961,0.217334959,0.600021457,0.638479278,0.465180066,0.390975822,0.467206088,0.491453149,-0.118910936,-1.469458749,1.169756636,16,0.362211979,1.14859552,0.416035056,1.372542213,0.836838029,0.467206088,0.775272386
B4,B4A02,11,6,9.336048779,0.484303917,549.74,-0.550285833,323.6345333,121.3291875,0.634558522,0.846979179,0.027681202,-1.535890424,2.667408725,0.970221686,0.697187039,0.157241062,0.261566133,0.565870475,0.406093286,0.439281774,0.387204289,0.595440442,0.077332646,-0.152884352,-1.173684229,0.5965511,16,0.462236758,0.601152221,0.277874654,0.924448294,0.650282147,0.595440442,0.776293858
B4,B4A02,11,7,9.195238759,0.102059667,540.84,-0.550285833,323.6817333,126.6128438,0.68428461,0.849477741,0.080733518,-2.034651529,2.556468394,0.822976709,0.733491685,0.156971526,0.199586989,0.580099328,0.523122988,0.419400661,0.300066198,0.475886206,0.381586369,-0.134275535,-1.064329173,0.461912275,16,0.344056577,0.786481758,0.270594221,1.247310834,0.630541912,0.475886206,0.722980773
B4,B4A02,11,8,9.413262924,0.1212659,533.94,-0.550285833,312.1661,136.4039131,0.730447024,0.867708791,0.10903684,-1.837391084,2.288542116,0.563831673,0.724710444,0.121571095,0.169529546,0.572309697,0.591558373,0.43760747,0.205509887,0.387400942,0.414808516,-0.063007157,-1.493388833,0.774801795,16,0.296219944,0.717108594,0.212421868,1.351801359,0.530483706,0.387400942,0.76463403
B4,B4A02,11,9,9.874044512,-0.23300125,489.06,-1.2581535,319.7291,126.5483756,0.748918892,0.878329915,0.301381933,-1.350567798,2.526536579,0.602451787,0.924084792,0.114995253,0.293673468,0.595842393,0.569896061,0.489118953,0.201782853,0.600413184,0.174263066,-0.009114879,-1.210636209,0.323581487,16,0.492871053,0.391575222,0.192996092,1.165148187,0.336073322,0.600413184,0.82088646
B4,B4A02,11,10,9.902422496,-0.753896933,465.3,-1.549352083,296.0181,112.8864381,0.743538945,0.865386578,0.453947591,-2.076106909,2.622264507,0.444815176,1.177449331,0.178596771,0.407887634,0.736903723,0.578424764,0.552992622,0.308764047,0.737600499,0.069194954,-0.023204933,-0.737365327,-0.08740363,16,0.553515502,0.437857774,0.242361065,1.045990021,0.418606072,0.737600499,0.750427234
B4,B4A02,11,11,10.07977113,-0.66072695,479.18,-1.549352083,287.2571,99.96037563,0.730429421,0.875694892,0.411773217,-1.877832092,2.87370969,0.297169203,1.576540486,0.16230989,0.347539168,0.686953716,0.656946915,0.499096069,0.24706698,0.696337217,0.30381258,0.012460889,-0.336158424,-0.537951876,16,0.505913514,0.46702618,0.236274856,1.31627347,0.354809385,0.696337217,0.72653522
B4,B4A02,11,12,10.40158828,-0.659007883,433.66,-1.549352083,284.6247,89.78337563,0.708289834,0.86905712,0.412269033,-1.865130347,3.170126964,0.73523422,1.434892744,0.17286884,0.429592819,0.798228719,0.696681977,0.590492005,0.248131637,0.727516742,0.254114612,-0.074281571,-0.486343104,-0.397330493,16,0.538182615,0.402401604,0.216565548,1.179833041,0.341066567,0.727516742,0.739752893
B4,B4A02,11,13,10.44274379,-0.63677245,405.7,-1.549352083,266.612,71.3169,0.668902848,0.824351042,0.375002142,-1.870837887,3.738412634,0.924584686,1.813827948,0.170025036,0.255588681,0.670253993,0.5366829,0.407926567,0.316807254,0.626555615,0.411261077,-0.095625018,-1.164898471,0.420563296,16,0.381331083,0.66522913,0.253672544,1.315636059,0.505633093,0.626555615,0.608614899
B4,B4A02,11,14,10.50580274,-0.40832675,433.38,-1.549352083,235.631,69.4130375,0.621251901,0.798956581,0.400388711,-1.76753853,3.394621652,0.618760765,1.775860887,0.186466487,0.267518753,0.699921646,0.505775749,0.445280934,0.368674234,0.600786453,0.17213007,-0.036272435,-0.95412719,0.330696837,16,0.38221243,0.697022114,0.266410516,1.135857635,0.613652708,0.600786453,0.636186831
B4,B4A02,11,15,10.3969538,-0.071427333,478.2,-0.440715583,265.3497,74.7521625,0.62514213,0.800926206,0.25737713,-1.726877555,3.54972607,0.346041627,2.203684443,0.279511086,0.272229861,0.763149836,0.539650064,0.53213611,0.517948768,0.511579379,-0.078749476,0.092869837,-0.277004291,0.302060186,16,0.356718757,1.026746606,0.366259773,1.014120361,1.012450441,0.511579379,0.697289163
B4,B4A04,3,1,9.781826021,0.518395017,524.6,-0.623814083,388.2252354,273.608375,0.568448253,0.945501199,-0.031790699,-3.476287137,1.41890845,0.171127445,0.247781005,0.558923445,0.33429014,0.59032621,0.648735137,0.564915532,0.861558767,0.591752432,0.263309298,-0.114933832,-0.003597283,1.123372004,4,0.566280362,1.671971076,0.946804387,1.148375466,1.455944614,0.591752432,0.956954854
B4,B4A04,3,2,9.743528589,0.481813883,543.3,-0.623814083,273.3930687,234.405875,0.606210146,0.930001641,0.329356588,-5.907592049,1.16632345,0.009186662,0.157136787,0.424973798,0.423820676,0.589955874,0.592096435,0.539551062,0.717744226,0.785506147,0.195412481,-0.098025269,-0.205602867,0.040513973,4,0.718393857,1.002720778,0.720348447,1.097387212,0.913734703,0.785506147,0.914561725
B4,B4A04,3,3,9.733660157,0.201212317,553.4,-0.623814083,247.0261667,189.58025,0.641036136,0.898097316,-0.256083934,-10.4596761,1.303016357,0.012274473,0.290741884,0.304625187,0.292609606,0.659682576,0.458959084,0.549336946,0.663730598,0.532659615,0.048697758,-0.213219484,1.14145661,-0.588768824,4,0.443561217,1.041063522,0.461775402,0.835478274,1.246068933,0.532659615,0.832729203
B4,B4A04,3,4,9.519113581,0.1530159,594.28,-0.623814083,260.2678333,180.7285,0.635957005,0.900113209,-0.25939798,-14.74177211,1.440103987,0.253386491,0.186717495,0.267852932,0.230898417,0.740625948,0.433149855,0.577488732,0.618383982,0.399831899,-0.00900678,-0.240935547,0.317602463,1.074399782,4,0.311761176,1.160046637,0.361657504,0.750057673,1.54660992,0.399831899,0.779730624
B4,B4A04,3,5,9.507727826,0.469598267,593.18,-0.623814083,288.5883333,176.38975,0.596264089,0.790085677,-0.406974047,-7.826191825,1.636083351,0.376543552,0.2595398,0.282563731,0.206096967,0.53869486,0.45838294,0.44995737,0.616435968,0.458036652,0.09120899,-0.072483726,0.261799791,0.549438029,4,0.382585732,1.371023237,0.524533929,1.018725264,1.345822358,0.458036652,0.835273182
B4,B4A04,3,6,9.336048779,0.484303917,549.74,-0.550285833,293.381,180.482625,0.409839194,0.744327521,-0.335779885,-15.32709295,1.625535976,0.567561894,0.057974082,0.291881834,0.187482523,0.510440177,0.407748188,0.340594543,0.715838457,0.550456625,0.469139175,-0.271973229,-0.578991196,1.270147879,4,0.367295779,1.556848231,0.571823784,1.197165945,1.300444802,0.550456625,0.667256533
B4,B4A04,3,7,9.195238759,0.102059667,540.84,-0.550285833,312.5565667,165.468875,0.482757535,0.71512084,0.504122468,-5.571404839,1.888914557,0.620991583,0.267922974,0.169649781,0.370915498,0.520585233,0.511117143,0.453244413,0.331919566,0.818356471,0.189151383,-0.061465903,-0.849638572,0.014144164,4,0.712497157,0.457381213,0.325882814,1.12768548,0.40559289,0.818356471,0.870644007
B4,B4A04,3,8,9.413262924,0.1212659,533.94,-0.550285833,315.8819,146.532405,0.58976489,0.75063927,0.542746812,-5.601601593,2.155713612,0.656619862,0.49909375,0.169657782,0.519425832,0.679086067,0.765122623,0.602630602,0.221739336,0.861930725,0.291957815,-0.022319963,-0.860295273,-0.073522594,4,0.764889544,0.326625615,0.249832518,1.269637852,0.257258883,0.861930725,0.887414175
B4,B4A04,3,9,9.874044512,-0.23300125,489.06,-1.2581535,328.1759,115.609405,0.562574848,0.719060856,0.559501661,-9.542522398,2.83866092,0.873076848,0.965584072,0.13583769,0.588730352,0.850385051,0.794331054,0.685302939,0.171008914,0.859080443,0.201592225,-0.042497453,-0.791435644,-0.168939306,4,0.692310326,0.230729892,0.159736687,1.159094772,0.19906042,0.859080443,0.80587369
B4,B4A04,3,10,9.902422496,-0.753896933,465.3,-1.549352083,316.1969,84.841155,0.54240366,0.687626914,0.514070976,-19.53862021,3.726928281,1.253787894,1.473140388,0.119890311,0.575145066,1.199734525,0.848947328,0.739141545,0.14122232,0.778125745,0.224733686,-0.076175154,-0.884879421,-0.082181829,4,0.47939361,0.208452298,0.0999307,1.148558532,0.181490357,0.778125745,0.616087584
B4,B4A04,3,11,10.07977113,-0.66072695,479.18,-1.549352083,323.8109,68.078405,0.545220025,0.563580484,-0.183872991,-16.50825894,4.756440754,1.452248896,2.304191858,0.156278696,0.184764754,1.172694477,0.837173669,0.687716636,0.186674166,0.268664075,0.205894503,0.011429064,-0.405488363,-0.111731668,4,0.157555747,0.84582526,0.133264631,1.217323567,0.694823696,0.268664075,0.586441439
B4,B4A04,3,12,10.40158828,-0.659007883,433.66,-1.549352083,346.47,66.599905,0.428348566,0.545069407,-0.211074889,-13.13022802,5.202259673,1.953991636,2.248268037,0.10487693,0.200525361,1.091059161,0.743748253,0.696757457,0.14101133,0.28779794,0.143382141,-0.075940028,-0.645538215,-0.114394682,4,0.183789631,0.523010802,0.096123963,1.067442113,0.48996643,0.28779794,0.638606486
B4,B4A04,3,13,10.44274379,-0.63677245,405.7,-1.549352083,321.091,65.81425,0.083328724,0.381465311,-0.066795995,-16.14245553,4.878745864,2.788115562,1.090630302,0.233027672,0.205487177,0.828773753,0.244617316,0.338227845,0.952621326,0.607540688,-0.079744236,-0.197023424,0.697376906,0.761234331,4,0.247941222,1.134025366,0.281171636,0.72323234,1.56799593,0.607540688,0.408106366
B4,B4A04,3,14,10.50580274,-0.40832675,433.38,-1.549352083,288.606,62.2209,0.089176194,0.459862798,-0.132884716,-10.5890753,4.63840928,2.614161831,1.02424745,0.357419959,0.238843062,0.819696705,0.368803644,0.479326337,0.969133481,0.498289042,-0.054905521,-0.175673701,1.009474582,1.773248258,4,0.2913798,1.496463647,0.436039278,0.769420778,1.944922322,0.498289042,0.584760601
B4,B4A04,3,15,10.3969538,-0.071427333,478.2,-0.440715583,281.867,68.0369,0.105243495,0.6670201,-0.167018551,-1.045811639,4.142854833,1.908482216,1.234372617,0.363486775,0.232267904,0.862579118,0.371553115,0.831836635,0.978290208,0.27922298,-0.347721531,-0.205612501,3.465880246,7.80944751,4,0.26927142,1.564946202,0.421395286,0.446665968,3.503616382,0.27922298,0.96435981
B4,B4A06,8,1,9.781826021,0.518395017,524.6,-0.623814083,218.742,150.1572031,0.630990757,0.878461155,0.148977727,-1.904333447,1.456753292,0.370375529,0.086377763,0.329551672,0.397309686,0.773464494,0.619007597,0.684688639,0.53238712,0.5802779,0.091730013,-0.18765835,-1.544368665,1.386118458,8,0.513675403,0.829457935,0.426072139,0.904071663,0.917469233,0.5802779,0.885223102
B4,B4A06,8,2,9.743528589,0.481813883,543.3,-0.623814083,176.8384333,113.2137719,0.725258214,0.888327612,0.215228136,-0.862746916,1.561986942,0.297452586,0.264534356,0.131997162,0.514921927,0.814007633,0.481096655,0.760664049,0.27436724,0.676937379,-0.278896311,-0.088634394,-1.172780111,0.337053615,8,0.632576288,0.256344029,0.162157155,0.632469296,0.405306678,0.676937379,0.934467955
B4,B4A06,8,3,9.733660157,0.201212317,553.4,-0.623814083,182.2997667,78.8707625,0.763804028,0.865218019,0.168858764,-0.628035486,2.311373199,0.348539167,0.962834032,0.146780268,0.495298326,0.684658606,0.567402127,0.628918706,0.258688258,0.787539504,0.001259721,-0.099072965,-1.096248003,0.204144846,8,0.723423793,0.296347192,0.21438461,0.902186756,0.328476549,0.787539504,0.918587309
B4,B4A06,8,4,9.519113581,0.1530159,594.28,-0.623814083,161.4532667,68.02145,0.727607093,0.887255465,0.198326677,-0.854706357,2.373564025,0.555342209,0.818221816,0.289548205,0.536056285,0.772563154,0.631615391,0.684606422,0.458424873,0.783013814,0.01783968,-0.095243322,-0.866642997,0.209408809,8,0.693867268,0.540145155,0.374789043,0.922596358,0.58546205,0.783013814,0.886149459
B4,B4A06,8,5,9.507727826,0.469598267,593.18,-0.623814083,153.0262667,52.74056875,0.673003745,0.915673959,0.348534671,-1.050968246,2.901490642,0.737905842,1.1635848,0.303517152,0.525031757,0.796905938,0.655922943,0.657416018,0.46273294,0.798629395,0.174529726,-0.176800852,-0.797945257,0.133659873,8,0.658837802,0.57809294,0.380869482,0.997728874,0.579408851,0.798629395,0.824960621
B4,B4A06,8,6,9.336048779,0.484303917,549.74,-0.550285833,131.9282667,49.11656875,0.587551033,0.885069838,-0.017467193,-0.83748335,2.686023678,0.588141952,1.097881727,0.362059057,0.408598929,0.812959643,0.580499451,0.693603108,0.623702669,0.589096162,0.086175872,-0.249242698,0.192226097,-0.071284934,8,0.502606658,0.886098889,0.445359201,0.836933175,1.058745089,0.589096162,0.853182706
B4,B4A06,8,7,9.195238759,0.102059667,540.84,-0.550285833,136.2633333,59.148125,0.562898562,0.877792914,0.076436902,-1.940565292,2.303764208,-0.243371107,1.547135315,0.362150925,0.448603362,0.923111904,0.589757324,0.693451927,0.614067702,0.646913427,0.073720626,-0.223254571,0.227611703,-0.326579773,8,0.485968559,0.807285357,0.392315302,0.850466055,0.949227017,0.646913427,0.751211119
B4,B4A06,8,8,9.413262924,0.1212659,533.94,-0.550285833,135.6596,73.7779525,0.481925197,0.882584365,0.060004249,-2.248988221,1.838755284,-1.973795981,2.812551265,0.355981602,0.378798251,0.9224005,0.484925226,0.709018086,0.734095861,0.534257529,-0.057859307,-0.258201544,1.031651114,-0.143641296,8,0.410665705,0.939765695,0.385929541,0.683939148,1.374048695,0.534257529,0.768666199
B4,B4A06,8,9,9.874044512,-0.23300125,489.06,-1.2581535,154.2045,68.7866275,0.477853141,0.877059778,0.11050239,-0.927988205,2.241780206,-1.223100003,2.46488021,0.290548632,0.494668309,0.844826582,0.441699508,0.750390822,0.657797047,0.659214231,0.021635854,-0.433009907,0.007929955,-0.01222495,8,0.58552645,0.587360515,0.343915117,0.588625947,0.997850192,0.659214231,0.888218764
B4,B4A06,8,10,9.902422496,-0.753896933,465.3,-1.549352083,147.8315,68.7438775,0.477929323,0.866769624,0.126690509,-0.982496565,2.150467873,-0.697030946,1.847498819,0.336626165,0.495705543,0.856273229,0.476905726,0.756228306,0.705854735,0.655497208,0.033846311,-0.403209078,0.058137857,0.101410787,8,0.578910476,0.679084932,0.393129381,0.630637233,1.076823404,0.655497208,0.883162383
B4,B4A06,8,11,10.07977113,-0.66072695,479.18,-1.549352083,194.0705,63.1178775,0.575030839,0.853820787,0.150519465,-1.971462953,3.074731085,-0.345569794,2.42030088,0.40501061,0.53314818,0.986517407,0.701831351,0.767875063,0.577076829,0.694316309,0.020253089,-0.106261498,-0.184433223,-0.124766441,8,0.54043464,0.75965862,0.410545833,0.913991591,0.831143992,0.694316309,0.778369502
B4,B4A06,8,12,10.40158828,-0.659007883,433.66,-1.549352083,206.7655,53.6483775,0.553682619,0.787308494,0.048756821,-2.693863549,3.854086734,-50.75323968,53.60732642,0.370681101,0.563947844,1.094552695,0.64774235,0.743059403,0.572266274,0.758953916,-0.314341417,0.186064925,0.04311471,-0.474568863,8,0.515231332,0.657296778,0.338659895,0.871723508,0.754019792,0.758953916,0.678870379
B4,B4A06,8,13,10.44274379,-0.63677245,405.7,-1.549352083,190.1549,41.194425,0.536623544,0.691948851,-0.06829176,-2.647758193,4.616034815,-51.65439688,55.2704317,0.453030271,0.22721164,0.893044102,0.700567111,0.443121391,0.646662203,0.512752586,-0.473227333,1.05420971,0.752495165,-0.161974796,8,0.254423761,1.993869118,0.507287681,1.580982378,1.261158344,0.512752586,0.496192059
B4,B4A06,8,14,10.50580274,-0.40832675,433.38,-1.549352083,175.51,40.09275,0.558574562,0.688264208,-0.073953922,-2.33661477,4.377599441,-14.04203169,17.41963113,0.531695662,0.282558719,0.896361958,0.670465098,0.488400334,0.793025116,0.57853916,-0.633469847,1.006247568,1.385435918,-0.506515598,8,0.31522837,1.881717414,0.593170714,1.372777721,1.370737145,0.57853916,0.544869547
B4,B4A06,8,15,10.3969538,-0.071427333,478.2,-0.440715583,175.789,43.42425,0.61785151,0.738856364,-0.044283087,-1.556726131,4.048175846,-5.523307301,8.571483147,0.529376294,0.287214334,0.832090519,0.80923487,0.581145876,0.654168912,0.49422072,0.067948255,0.324533225,1.249716573,-0.497701236,8,0.345171982,1.843140235,0.636200368,1.39248148,1.323637162,0.49422072,0.698416654
B4,B4A07,3,1,9.781826021,0.518395017,524.6,-0.623814083,547.8838333,172.743125,0.637587247,0.829334675,0.331728378,0.61434812,3.171667951,0.745218981,1.42644897,0.283895536,0.606365307,0.697841459,0.699191961,0.704954311,0.406033753,0.860148378,-0.080079322,0.071905246,-0.919023737,0.14185572,4,0.868915567,0.468192248,0.406819532,0.991825924,0.472050827,0.860148378,1.010192647
B4,B4A07,3,2,9.743528589,0.481813883,543.3,-0.623814083,486.8671667,126.938675,0.612811804,0.835138984,0.880052283,-0.103344185,3.835451777,0.391754248,2.443697529,0.344730446,0.72457747,0.741154546,0.837195858,0.739526292,0.411767979,0.979785949,0.062639976,0.069430469,-0.849937148,0.026558306,4,0.977633442,0.475767548,0.465126266,1.132070445,0.4202632,0.979785949,0.997803085
B4,B4A07,3,3,9.733660157,0.201212317,553.4,-0.623814083,476.0321666,87.0593,0.49554907,0.878928056,-0.002882547,-0.463303893,5.467907124,0.954029083,3.513878041,0.370410308,0.272259765,0.568788473,0.669220607,0.558145063,0.553495072,0.487793913,0.130502357,0.068506022,0.143605421,0.143916889,4,0.478666108,1.3605033,0.65122682,1.199008379,1.134690403,0.487793913,0.981287579
B4,B4A07,3,4,9.519113581,0.1530159,594.28,-0.623814083,363.1053333,85.29355,0.62588904,0.90789842,-0.013782352,0.988878914,4.257125343,0.617526069,2.639599274,0.346253081,0.28741242,0.552076321,0.578338478,0.575263981,0.598703172,0.499618314,-0.066062341,0.07140684,0.362077846,0.073895635,4,0.520602694,1.204725534,0.627183359,1.005344498,1.198321109,0.499618314,1.042000823
B4,B4A07,3,5,9.507727826,0.469598267,593.18,-0.623814083,325.3666666,73.5973,0.619400353,0.89248829,0.261980431,0.282809009,4.420904933,0.786056479,2.634848454,0.430881669,0.481697496,0.728159569,0.714889346,0.735844878,0.602724983,0.654618263,-0.036309522,0.007831329,-0.117423443,-0.03483758,4,0.661527386,0.894506764,0.591740722,0.971521807,0.920727417,0.654618263,1.01055443
B4,B4A07,3,6,9.336048779,0.484303917,549.74,-0.550285833,243.0193333,57.29405,0.594708891,0.881345956,0.014428071,0.203037464,4.241615549,0.989495989,2.252119559,0.393701952,0.409545629,0.763369565,0.843721452,0.770457124,0.466625509,0.531561869,0.095001442,9.06E-05,-0.6178988,0.38849935,4,0.536497193,0.961314014,0.51574227,1.095092025,0.877838567,0.531561869,1.00928457
B4,B4A07,3,7,9.195238759,0.102059667,540.84,-0.550285833,192.646,49.81325,0.730376968,0.846783971,0.402321037,-0.217640182,3.867364607,0.363744091,2.503620515,0.513442382,0.578680068,0.776604371,0.96508637,0.767866127,0.532017028,0.753621038,0.220931682,0.035910281,-0.570999078,0.069361213,4,0.745141399,0.887264675,0.661137641,1.256841962,0.705947686,0.753621038,0.988748139
B4,B4A07,3,8,9.413262924,0.1212659,533.94,-0.550285833,135.656,34.771305,0.79243079,0.948869985,0.404953437,-0.168075414,3.901377875,0.08776393,2.813613945,0.472164875,0.693768064,0.870683744,0.848825005,0.861016266,0.556257028,0.805754886,-0.160108848,0.145949695,-0.557511143,0.034101363,4,0.796808334,0.680580297,0.542292052,0.985840847,0.690355141,0.805754886,0.988896683
B4,B4A07,3,9,9.874044512,-0.23300125,489.06,-1.2581535,122.026,21.375555,0.663220486,0.917025173,-0.232474184,0.159403301,5.708670488,-1.629587346,6.338257834,0.458655613,0.665527768,0.975302265,0.728725116,0.990216806,0.629394545,0.672103083,-0.484354829,0.22027964,-0.514707564,0.391656235,4,0.682381035,0.689160745,0.470270222,0.735924811,0.936455376,0.672103083,1.015292225
B4,B4A07,3,10,9.902422496,-0.753896933,465.3,-1.549352083,90.188,17.334305,0.687064976,0.845229877,0.081565324,-0.121623591,5.202862186,-6.854376203,11.05723839,0.395024785,0.854468302,1.041097133,0.940843276,1.027064428,0.419862474,0.831951997,-0.420716526,0.336767408,-1.0473069,0.302000237,4,0.820738311,0.462304786,0.379431249,0.916050882,0.504671514,0.831951997,0.986521234
B4,B4A07,3,11,10.07977113,-0.66072695,479.18,-1.549352083,73.474,17.207305,0.70251318,0.900297207,0.587716473,-1.901281952,4.269930707,-2.460370763,5.730301469,0.436905707,0.845423191,1.226427717,1.043020286,1.005442275,0.418885149,0.84084707,-0.492130448,0.529505056,-0.849925678,0.098099458,4,0.689337969,0.516789357,0.356242526,1.037374608,0.498170432,0.84084707,0.819813725
B4,B4A07,3,12,10.40158828,-0.659007883,433.66,-1.549352083,62.43,24.087055,0.648112392,0.993800734,0.184613371,-0.174876938,2.591848609,-0.159136545,1.750985155,0.570752607,0.922674991,1.23148701,1.102435134,1.216966602,0.5177199,0.758176099,-0.318842502,0.22473025,-1.223738181,0.690021133,4,0.749236479,0.618584672,0.463466202,0.905887748,0.682849143,0.758176099,0.988209045
B4,B4A07,3,13,10.44274379,-0.63677245,405.7,-1.549352083,55.407,25.20775,0.716510296,0.9946481,0.193287472,0.014024806,2.1980145,0.007844041,1.190170459,0.706355709,0.85490137,1.129815819,1.208731773,1.130928557,0.584377548,0.755928715,-0.1168858,0.185681672,-0.846016733,0.443637056,4,0.756673217,0.826242341,0.62519545,1.068795872,0.773059068,0.755928715,1.000984884
B4,B4A07,3,14,10.50580274,-0.40832675,433.38,-1.549352083,44.575,25.79025,0.962611217,0.995075977,0.223593316,0.235243795,1.72836634,-0.007909896,0.736276235,0.376366527,0.811499516,1.075237489,1.226561587,1.093480337,0.306846823,0.742125385,0.127781393,-0.006077101,-0.758842069,-0.070200222,4,0.754716538,0.463791437,0.350031068,1.121704293,0.413470324,0.742125385,1.016966342
B4,B4A07,3,15,10.3969538,-0.071427333,478.2,-0.440715583,45.048,38.556,0.961085346,0.927959157,0.035330545,0.753408014,1.168378462,-0.193588657,0.36196712,0.377304289,0.671999344,0.916073394,1.202912839,0.955154628,0.313658876,0.703550321,0.297433504,-0.038042821,-0.544166571,-0.257075331,4,0.733564962,0.561465263,0.411871244,1.259390683,0.445822945,0.703550321,1.042661683
B4,B4A08,8,1,9.781826021,0.518395017,524.6,-0.623814083,261.7640667,245.4358125,0.743278755,0.932320542,0.654717567,-1.726666229,1.066527594,0.093321872,-0.026794278,0.38672532,0.376111851,0.473752462,0.812433926,0.42450674,0.476008335,0.885997358,0.842194197,0.071636255,-0.815784807,0.104429954,8,0.793899517,1.028218919,0.816302503,1.913830451,0.537257059,0.885997358,0.896051788
B4,B4A08,8,2,9.743528589,0.481813883,543.3,-0.623814083,210.8622,191.1431625,0.786592439,0.930245016,0.620412119,-1.038030003,1.103163708,0.080993454,0.022170254,0.414986649,0.517789898,0.597542755,0.656004759,0.559528264,0.632597011,0.925404364,0.205598574,-0.033173871,-0.504204362,-0.028500584,8,0.866531965,0.801457602,0.69448863,1.172424703,0.683589829,0.925404364,0.936381973
B4,B4A08,8,3,9.733660157,0.201212317,553.4,-0.623814083,202.4728667,132.638475,0.793573024,0.929528106,0.393046098,-1.132096273,1.526501769,0.22076849,0.305733279,0.433712141,0.541259886,0.686006214,0.650114565,0.626259795,0.667131863,0.864273724,0.055222615,-0.017131763,-0.42164088,0.017468659,8,0.789001432,0.801301098,0.632227714,1.038090853,0.771898814,0.864273724,0.912906884
B4,B4A08,8,4,9.519113581,0.1530159,594.28,-0.623814083,195.0742,124.1481625,0.783595064,0.930193561,0.345566242,-1.444151809,1.571301549,0.256082162,0.315219387,0.483893779,0.579013698,0.813203793,0.78248781,0.731776388,0.618404239,0.791244029,0.102269057,-0.03296999,-0.334880336,-0.054284508,8,0.712015491,0.835720779,0.595046141,1.069299068,0.781559439,0.791244029,0.899868391
B4,B4A08,8,5,9.507727826,0.469598267,593.18,-0.623814083,183.6945,107.3381625,0.786153212,0.906676712,0.406127135,-1.90859438,1.711362443,0.321992369,0.389370074,0.532517863,0.631644073,0.904413999,0.868454306,0.779946052,0.613178908,0.809856106,0.216299392,-0.102819423,-0.401953652,-0.024777038,8,0.698401477,0.84306635,0.588798784,1.113479969,0.757145502,0.809856106,0.862377245
B4,B4A08,8,6,9.336048779,0.484303917,549.74,-0.550285833,152.1651,88.966225,0.740535632,0.850226604,-0.001080986,-1.544995938,1.7103693,0.327463737,0.382905563,0.229282578,0.356058878,0.834176602,0.726827817,0.712613935,0.315456526,0.49965186,0.057432557,-0.037486438,-0.528024498,-0.073369332,8,0.426838726,0.643945686,0.274860956,1.019946119,0.631352651,0.49965186,0.854272265
B4,B4A08,8,7,9.195238759,0.102059667,540.84,-0.550285833,159.5529667,95.1395,0.714638932,0.838528237,0.017759157,-2.903103918,1.677042308,0.337586479,0.339455829,0.205011549,0.324005277,0.871843287,0.683495019,0.658244021,0.299945929,0.492226692,0.109387803,-0.071026651,-0.60293376,-0.025740015,8,0.371632473,0.632741388,0.235147247,1.038361152,0.609365428,0.492226692,0.755002683
B4,B4A08,8,8,9.413262924,0.1212659,533.94,-0.550285833,171.5221,113.4829413,0.703367215,0.820836426,-0.023606452,-4.83538463,1.511435094,0.174131345,0.337303749,0.290979617,0.185185426,0.843416988,0.743043421,0.545154605,0.391605132,0.339693409,0.471567122,-0.108571352,0.402798482,-0.073806052,8,0.219565682,1.571287883,0.345000896,1.36299577,1.15281934,0.339693409,0.64636427
B4,B4A08,8,9,9.874044512,-0.23300125,489.06,-1.2581535,171.5721,106.5496913,0.680003003,0.787497068,-0.017063937,-4.097819931,1.610254314,0.348677926,0.261576388,0.29048604,0.265822419,0.746669192,0.601720912,0.477454526,0.482758757,0.556749186,0.394691756,-0.134423231,-0.430347235,0.182214436,8,0.356010964,1.09278232,0.389042487,1.260268525,0.867102763,0.556749186,0.639445863
B4,B4A08,8,10,9.902422496,-0.753896933,465.3,-1.549352083,157.3508,98.89669125,0.670981689,0.779728571,0.123579395,-3.541682463,1.59106233,0.368922351,0.222139979,0.435515889,0.386823658,0.81386,0.670205399,0.563176414,0.649824501,0.686860544,0.245958618,-0.055913399,-0.222256373,0.117322299,8,0.475295085,1.125877075,0.53512384,1.190045219,0.946079239,0.686860544,0.69198193
B4,B4A08,8,11,10.07977113,-0.66072695,479.18,-1.549352083,153.0582,93.97819125,0.653949516,0.765585438,0.161197645,-3.421430988,1.628656585,0.403987848,0.224668737,0.432574848,0.368048721,0.861262507,0.793453784,0.606415966,0.54517964,0.606924523,0.372228976,-0.063797424,-0.321285422,0.12816716,8,0.427336286,1.175319526,0.502256681,1.308431552,0.898265961,0.606924523,0.704101202
B4,B4A08,8,12,10.40158828,-0.659007883,433.66,-1.549352083,156.2602,82.16619125,0.676899692,0.732014512,0.186056411,-2.271505775,1.90175786,-3.207253556,4.109011415,0.431265064,0.486351476,0.855288328,0.961878532,0.661771503,0.448357094,0.73492357,0.485969166,-0.032478757,-0.593344327,-0.034466496,8,0.568640375,0.886735387,0.504233543,1.453490408,0.610073092,0.73492357,0.773740833
B4,B4A08,8,13,10.44274379,-0.63677245,405.7,-1.549352083,131.7764,65.4595,0.610099997,0.73338316,0.031260468,-1.645731136,2.013098175,0.313945788,0.699152388,0.358553512,0.378974059,0.808569238,0.796796309,0.632580758,0.449993942,0.59909198,0.208248435,0.051347749,-0.075085008,-0.360723773,8,0.468697102,0.946116241,0.44344194,1.259596184,0.751126633,0.59909198,0.782345812
B4,B4A08,8,14,10.50580274,-0.40832675,433.38,-1.549352083,132.1654,63.871825,0.538583776,0.776311472,-0.007633566,-0.979485807,2.06922849,0.91923967,0.14998882,0.356305355,0.384306646,0.843132503,0.654433617,0.735786256,0.54444843,0.522307453,-0.070442244,-0.040123343,0.099298324,-0.01271996,8,0.455808126,0.927138158,0.422597106,0.889434413,1.042390697,0.522307453,0.872681642
B4,B4A08,8,15,10.3969538,-0.071427333,478.2,-0.440715583,158.5204,74.242825,0.625532203,0.797624276,-0.06498599,-0.919456735,2.135161209,0.85130986,0.283851349,0.23401931,0.370206787,0.84164379,0.722410303,0.754952623,0.323942376,0.490370886,0.043925492,-0.087030608,-0.50746183,-0.056136734,8,0.439861603,0.632131333,0.278050302,0.956894884,0.660606869,0.490370886,0.896997794
B4,B4A10,6,1,9.781826021,0.518395017,524.6,-0.623814083,354.1592408,197.8230406,0.425902287,0.816920549,0.230117785,-3.78584102,1.790283072,0.135018124,0.655264948,0.993731924,0.497037289,0.804927831,1.282243938,0.709240266,0.774994441,0.700802413,0.616339374,0.191572557,-0.622232945,0.845175332,8,0.617492985,1.999310606,1.234560275,1.807911931,1.105867256,0.700802413,0.881122802
B4,B4A10,6,2,9.743528589,0.481813883,543.3,-0.623814083,189.1601075,140.5777969,0.65299565,0.801729975,0.096708992,1.216643094,1.345590212,-0.07936947,0.424959682,0.297045427,0.48098345,0.623587048,0.851902222,0.666859994,0.348684883,0.721266015,0.366913463,-0.089430588,-1.36704915,0.600758076,8,0.771317256,0.617579309,0.476349578,1.277482875,0.483434511,0.721266015,1.069393594
B4,B4A10,6,3,9.733660157,0.201212317,553.4,-0.623814083,224.3407,117.2370688,0.71749489,0.825376821,0.141248802,-2.059443518,1.913564561,0.151626742,0.761937819,0.512053351,0.274893954,0.5382139,0.877281177,0.450381462,0.583682136,0.610358057,1.080733429,-0.132870893,-0.304264083,0.218763516,8,0.510752238,1.862730497,0.95139377,1.947862536,0.956294637,0.610358057,0.836807563
B4,B4A10,6,4,9.519113581,0.1530159,594.28,-0.623814083,230.6617,113.9538813,0.682793795,0.80379379,0.291226377,-3.856675055,2.024167123,0.204152455,0.820014669,0.466887701,0.289033023,0.570446116,0.713192964,0.401225243,0.654644289,0.720375969,0.856377481,-0.078839859,-0.27415489,0.09998808,8,0.506678922,1.615343797,0.818460654,1.777537623,0.908753647,0.720375969,0.703353449
B4,B4A10,6,5,9.507727826,0.469598267,593.18,-0.623814083,231.2586,101.9425063,0.626287486,0.802946064,0.250881207,-3.850931262,2.26851986,0.533980725,0.734539134,0.465068886,0.302450897,0.614368954,0.623404985,0.42549135,0.746014063,0.71082737,0.486541139,-0.021399755,0.097363703,0.004088727,8,0.492295216,1.537667404,0.756986308,1.465141384,1.049501038,0.71082737,0.69256649
B4,B4A10,6,6,9.336048779,0.484303917,549.74,-0.550285833,239.6655333,99.97838125,0.569450453,0.790180138,0.127897408,-5.005696684,2.397173572,0.712036665,0.685136907,0.459665135,0.286174708,0.674843582,0.749210917,0.424504628,0.613532351,0.674138017,0.810301526,-0.045395168,-0.484201795,0.312482026,8,0.424060798,1.606239552,0.681143227,1.764906357,0.910099023,0.674138017,0.629041513
B4,B4A10,6,7,9.195238759,0.102059667,540.84,-0.550285833,250.9642667,105.461225,0.503838472,0.788988697,-0.02106843,-8.162088348,2.379682833,0.726729981,0.652952852,0.404245153,0.199839254,0.761427204,0.641555931,0.374456147,0.630101186,0.533678659,0.741935113,-0.028634543,-0.330101543,0.724095597,8,0.262453526,2.022851585,0.530904531,1.71330057,1.180675253,0.533678659,0.491781939
B4,B4A10,6,8,9.413262924,0.1212659,533.94,-0.550285833,237.8913,100.2416313,0.3902696,0.784942113,-0.0459832,-9.540873804,2.373178659,0.673016452,0.700162207,0.325255645,0.156385392,0.878169668,0.653966564,0.402275886,0.497358217,0.388751594,0.88227806,-0.256611229,-1.691685944,2.32848072,8,0.178081067,2.079833933,0.370379047,1.62566683,1.279372806,0.388751594,0.458084469
B4,B4A10,6,9,9.874044512,-0.23300125,489.06,-1.2581535,284.459,88.85838125,0.296623635,0.774400242,-0.021458435,-4.921575959,3.201262458,1.259117237,0.942145222,0.265055083,0.328179614,0.780089334,0.455279428,0.50315564,0.58218111,0.652242743,0.293485274,-0.388637166,-0.896956402,0.693661707,8,0.420694913,0.807652491,0.339775294,0.904848108,0.8925835,0.652242743,0.644997461
B4,B4A10,6,10,9.902422496,-0.753896933,465.3,-1.549352083,286.043,79.26688125,0.21487885,0.765454605,0.066194409,-3.832280413,3.608606716,1.633757477,0.974849238,0.257145318,0.482955714,0.895267189,0.293499736,0.653534428,0.876134752,0.738990469,-0.125357946,-0.425545995,-0.182633211,0.58824095,8,0.539454276,0.532440783,0.287227457,0.449096058,1.185583291,0.738990469,0.729988138
B4,B4A10,6,11,10.07977113,-0.66072695,479.18,-1.549352083,313.589,66.24563125,0.279345391,0.737717533,0.043190038,-6.088232359,4.733731026,2.187071769,1.546659257,0.303087681,0.450733966,1.107801613,0.370841617,0.648282076,0.817296839,0.695274453,0.064783371,-0.492745934,0.128324049,0.253482015,8,0.406872458,0.672431422,0.273593826,0.572037437,1.175502473,0.695274453,0.585196906
B4,B4A10,6,12,10.40158828,-0.659007883,433.66,-1.549352083,335.0484,60.85290625,0.272238623,0.653292338,0.059387523,-6.842025192,5.505873436,-20.55198343,25.05785687,0.225059308,0.443609216,1.128087469,0.288553083,0.565910112,0.779958078,0.783886357,-0.086155523,-0.4039524,0.294928793,-0.304926253,8,0.393240089,0.507336862,0.199505193,0.509892078,0.994988713,0.783886357,0.501654462
B4,B4A10,6,13,10.44274379,-0.63677245,405.7,-1.549352083,343.8077,55.3675,0.242826368,0.669507331,0.092026245,-6.054833,6.209557954,-19.43382943,24.64338738,0.230023583,0.298772999,1.071258753,0.321735082,0.524472913,0.714947159,0.569663353,-0.050037037,-0.336518352,0.003805031,0.571306552,8,0.278899003,0.769894147,0.21472271,0.613444611,1.255034495,0.569663353,0.48958565
B4,B4A10,6,14,10.50580274,-0.40832675,433.38,-1.549352083,307.961,56.108775,0.256685681,0.670497409,0.115266649,-6.894869353,5.488642374,-3.498414336,7.987056709,0.322827124,0.285658665,1.121152508,0.422669705,0.506732629,0.76378108,0.563726606,0.140553602,-0.306445671,-0.011473884,0.847169739,8,0.254790194,1.130114935,0.287942203,0.834107931,1.354878539,0.563726606,0.451974754
B4,B4A10,6,15,10.3969538,-0.071427333,478.2,-0.440715583,350.249,61.810275,0.23614919,0.679620323,-0.040220735,-6.526012072,5.66651742,0.450145934,4.216371486,0.27850933,0.170011055,0.928045128,0.399494414,0.400138395,0.697154505,0.424880634,0.526023799,-0.527633194,-1.068784164,2.76108883,8,0.183192659,1.638183651,0.300103219,0.998390605,1.640824386,0.424880634,0.431162648
B4,B4A11,2,1,9.781826021,0.518395017,524.6,-0.623814083,492.8257646,225.8920625,0.361006955,0.648796606,0.856374512,-33.42972471,2.181686949,0.512367048,0.6693199,0.691689453,0.342756861,0.502348202,0.711761188,0.354358386,0.971799903,0.967260474,1.130494075,-0.12190273,-0.022709968,0.03211815,4,0.682309321,2.018017821,1.376912369,2.008591344,1.004693078,0.967260474,0.705403911
B4,B4A11,2,2,9.743528589,0.481813883,543.3,-0.623814083,296.9974313,171.4790625,0.31728608,0.555103108,0.886765694,-10.6597592,1.731974895,0.409401765,0.32257313,0.688306361,0.428314488,0.497571982,0.772014292,0.435408362,0.891572045,0.983707538,0.800679788,-0.027598794,-0.199084702,0.020534235,4,0.860809096,1.607011623,1.383330223,1.773080993,0.906338531,0.983707538,0.875066077
B4,B4A11,2,3,9.733660157,0.201212317,553.4,-0.623814083,234.4303333,148.8009375,0.367066787,0.565638888,0.898791653,-13.4439893,1.575462744,0.314382647,0.261080097,0.724183326,0.359035152,0.455585003,0.817506281,0.365236182,0.885844357,0.983021862,1.280561276,-0.042266382,-0.208447312,0.020508012,4,0.788075001,2.017026251,1.589567965,2.238294894,0.901144106,0.983021862,0.801686139
B4,B4A11,2,4,9.519113581,0.1530159,594.28,-0.623814083,150.7223333,125.3461875,0.476766014,0.567147126,0.800962381,-8.505488459,1.202448486,0.118418405,0.084030081,0.717842067,0.446547267,0.528137909,0.824097053,0.460281929,0.87106496,0.970160328,0.802931401,-0.012513395,-0.210562883,0.016709554,4,0.845512619,1.607538819,1.359194358,1.790418006,0.897856709,0.970160328,0.871518444
B4,B4A11,2,5,9.507727826,0.469598267,593.18,-0.623814083,129.428,93.8019375,0.410825103,0.504480444,0.703248861,-8.51864355,1.379800924,0.157148695,0.222652229,0.548695681,0.487179759,0.598353083,0.751287653,0.507537864,0.730340342,0.959888501,0.493638865,-0.013379545,-0.418922005,-0.002170726,4,0.814201135,1.126269454,0.917009867,1.480259321,0.760859559,0.959888501,0.848224699
B4,B4A11,2,6,9.336048779,0.484303917,549.74,-0.550285833,175.2246667,79.34175,0.25034607,0.605819691,0.667794726,-4.743308565,2.208479983,0.655171448,0.553308535,0.687440004,0.505172498,0.592791946,0.832186895,0.533008684,0.826064443,0.94777536,0.59531614,-0.034015322,-0.281633112,0.041289212,4,0.852191906,1.360802512,1.159664886,1.561300818,0.871582527,0.94777536,0.899149674
B4,B4A11,2,7,9.195238759,0.102059667,540.84,-0.550285833,213.3373,76.9985,0.025816211,0.80244106,-0.231812509,-1.07301728,2.77066826,0.927157566,0.843510694,0.481225118,0.536402971,0.751998771,0.484713675,0.73806321,0.99280285,0.726771046,-0.325384465,-0.017878187,0.010177278,0.855905033,4,0.713302989,0.89713358,0.639928065,0.656737348,1.366046233,0.726771046,0.981468639
B4,B4A11,2,8,9.413262924,0.1212659,533.94,-0.550285833,222.4473,59.574275,0.419406671,0.816229081,-0.812205199,-9.706020751,3.733948923,0.819975028,1.913973895,0.460060277,0.18398335,0.750118271,0.66569722,0.587195252,0.691095385,0.313325676,0.322735272,-0.189045553,2.084424228,1.780588866,4,0.245272454,2.500553869,0.613316985,1.133689719,2.205677468,0.313325676,0.782803559
B4,B4A11,2,9,9.874044512,-0.23300125,489.06,-1.2581535,229.4583,53.023775,0.431622549,0.809769501,-0.817373748,-11.57784414,4.327460653,0.931941557,2.395519096,0.388850183,0.191998074,0.853370765,0.604531192,0.635018825,0.643226004,0.302350209,0.171902359,-0.219912956,1.797886712,1.728030875,4,0.224987874,2.025281684,0.455663821,0.951989403,2.127420407,0.302350209,0.744130044
B4,B4A11,2,10,9.902422496,-0.753896933,465.3,-1.549352083,207.8843,47.466775,0.461800968,0.845890165,-0.435926675,-8.235620222,4.379574976,0.877786054,2.501788923,0.509766341,0.412813744,0.947131077,0.717753644,0.773628238,0.710224665,0.533607389,0.101116546,-0.173340634,0.25190279,0.519624441,4,0.435857036,1.234857969,0.538221534,0.927775912,1.330987314,0.533607389,0.81681222
B4,B4A11,2,11,10.07977113,-0.66072695,479.18,-1.549352083,177.1793,67.078275,0.531882958,0.642364174,-0.290331154,-12.14177933,2.641381282,0.276519441,1.364861841,0.402008292,0.830757477,1.306556428,0.58232114,1.125547311,0.690354967,0.73809201,-0.462321605,-0.020311302,0.161765544,-0.286935076,4,0.635837427,0.483905716,0.307685365,0.517367093,0.935323724,0.73809201,0.861460927
B4,B4A11,2,12,10.40158828,-0.659007883,433.66,-1.549352083,202.195,84.867775,0.532290843,0.58201581,0.362440875,-26.56336419,2.38247085,0.130123388,1.252347462,0.555703839,0.760539358,1.18773755,0.718019608,0.874740489,0.773939643,0.869445701,-0.161183935,-0.01797878,-0.201754303,-0.00587345,4,0.640326104,0.730670718,0.467867534,0.820837285,0.890152935,0.869445701,0.736476243
B4,B4A11,2,13,10.44274379,-0.63677245,405.7,-1.549352083,211.43,91.023,0.194204442,0.55789026,0.295339276,-31.03036327,2.322819507,0.760274302,0.562545205,0.557065093,0.693981545,1.153277593,0.569099696,0.812370753,0.978853261,0.854267023,-0.185760681,-0.113697487,0.044494414,0.268454718,4,0.601747185,0.8027088,0.483027761,0.700541833,1.145839924,0.854267023,0.704401749
B4,B4A11,2,14,10.50580274,-0.40832675,433.38,-1.549352083,217.62,109.4095,0.29979236,0.553319605,0.229712568,-32.26339556,1.989041171,0.496931097,0.492110074,0.510492014,0.531217421,0.930912051,0.580675852,0.636025451,0.879134224,0.835214095,0.006970632,-0.09399482,-0.109102682,0.217038862,4,0.570641899,0.960985077,0.54837835,0.912975812,1.052585474,0.835214095,0.683228292
B4,B4A11,2,15,10.3969538,-0.071427333,478.2,-0.440715583,221.085,128.1545,0.435220762,0.720812414,-0.679688848,-22.93037401,1.725144259,0.356623551,0.368520709,0.483333695,0.215912093,0.665104314,0.612368699,0.486176738,0.789285434,0.444102064,0.394029549,-0.134469699,-0.025379093,2.184036996,4,0.324628917,2.238567037,0.726703593,1.259559849,1.777261349,0.444102064,0.730978176
B4,B4A14,2,1,9.781826021,0.518395017,524.6,-0.623814083,163.1454667,128.647375,0.406082806,0.400027808,0.26047739,-28.82272377,1.26816009,-0.012558672,0.280718762,0.377399154,0.57620977,0.859871969,0.413925639,0.63582757,0.911755926,0.9062359,-0.350438644,0.001441617,0.165508167,-0.153288748,2,0.670111122,0.654968335,0.438901566,0.651002973,1.006091158,0.9062359,0.739444468
B4,B4A14,2,2,9.743528589,0.481813883,543.3,-0.623814083,151.2366333,92.767375,0.471104279,0.590163077,0.430538248,-4.045842147,1.630278245,0.198843178,0.431435068,0.397909448,0.695657589,0.800195166,0.404829246,0.756582396,0.982906872,0.919473666,-0.45821909,-0.006704694,0.244379886,-0.101643246,2,0.8693599,0.571990379,0.497265499,0.535076217,1.068988606,0.919473666,0.945497334
B4,B4A14,2,3,9.733660157,0.201212317,553.4,-0.623814083,127.1999667,71.05825,0.300923009,0.645632123,0.657776654,-5.481008342,1.790080204,0.485362566,0.304717638,0.160955033,0.806763698,0.93242339,0.172723238,0.855289371,0.931866692,0.943264029,-0.768103322,-0.029949543,-0.059502955,0.03548321,2,0.865233227,0.199507034,0.172620115,0.201947135,0.98791713,0.943264029,0.917275758
B4,B4A14,2,4,9.519113581,0.1530159,594.28,-0.623814083,149.1148,99.963,0.325398214,0.569153619,0.439642081,-1.983089427,1.491699929,0.351057167,0.140642762,0.198375698,0.764242891,0.842285404,0.205854452,0.822447169,0.963669703,0.929230375,-0.744769127,-0.004935827,0.049120923,0.026377098,2,0.907344337,0.259571532,0.23552076,0.250295046,1.037062207,0.929230375,0.976447135
B4,B4A14,2,5,9.507727826,0.469598267,593.18,-0.623814083,165.0268,105.751,0.30254268,0.540093346,0.336115615,-7.561197923,1.560522359,0.378502662,0.182019697,0.268637388,0.69111591,0.830169774,0.289025325,0.758669761,0.929459687,0.910957503,-0.601523583,-0.017513131,-0.055217663,0.096251587,2,0.832499486,0.388700917,0.323593314,0.380963286,1.0203107,0.910957503,0.913873023
B4,B4A14,2,6,9.336048779,0.484303917,549.74,-0.550285833,152.564,93.268,0.345871137,0.46776064,0.042268396,-2.859509142,1.635759317,0.254847288,0.380912029,0.399036604,0.680235446,0.78443686,0.432358512,0.753777801,0.922929912,0.902434969,-0.422865929,-0.00354526,-0.053954658,0.099891864,2,0.867164052,0.586615423,0.508691807,0.573588811,1.022710715,0.902434969,0.960915835
B4,B4A14,2,7,9.195238759,0.102059667,540.84,-0.550285833,136.7013333,98.8805,0.439430709,0.430407037,0.325615031,-6.785342431,1.382490312,-0.019093068,0.40158338,0.554012489,0.587685458,0.699214862,0.644917715,0.630593219,0.859043683,0.931956513,0.022003265,0.000712641,-0.181580906,0.031229222,2,0.840493372,0.942702395,0.792335115,1.022715905,0.921763699,0.931956513,0.901859003
B4,B4A14,2,8,9.413262924,0.1212659,533.94,-0.550285833,124.9926,119.30484,0.453158529,0.590584089,0.036612227,-21.22633458,1.047674177,0.145276462,-0.097602286,0.647325249,0.431590454,0.719805691,0.73784825,0.541888898,0.87731488,0.796455613,0.405119452,-0.043496704,-0.119385499,0.332740366,2,0.599593,1.499859978,0.899305545,1.361622748,1.101523884,0.796455613,0.752826637
B4,B4A14,2,9,9.874044512,-0.23300125,489.06,-1.2581535,97.2416,85.98184,0.541406861,0.669835446,0.463165314,-18.76437483,1.130955095,0.129819199,0.001135895,0.734801464,0.527749324,0.823424188,0.86616433,0.6051877,0.848339557,0.872042383,0.488033102,-0.05680056,-0.244787352,0.191164512,2,0.640920356,1.39233047,0.89237294,1.431232542,0.972819182,0.872042383,0.734964686
B4,B4A14,2,10,9.902422496,-0.753896933,465.3,-1.549352083,53.3646,69.35484,0.745866637,0.754687661,0.742680353,-6.394335194,0.769443055,0.006040405,-0.23659735,0.529541998,0.860258079,1.000649632,0.667272005,0.908452242,0.79359241,0.946949151,-0.263794166,-0.001690607,-0.30417928,0.006510046,2,0.859699591,0.615561784,0.529198214,0.734515227,0.838051768,0.946949151,0.907862466
B4,B4A14,2,11,10.07977113,-0.66072695,479.18,-1.549352083,59.6676,47.96984,0.610739621,0.838532739,0.989086724,-3.041858839,1.243856557,0.173038513,0.070818044,0.601277319,1.25898484,1.32534834,0.806273871,1.261936438,0.745748238,0.997661057,-0.335612562,-0.025469465,-0.442319504,0.001070656,2,0.949927503,0.477589006,0.453674932,0.638917973,0.74749659,0.997661057,0.952154539
B4,B4A14,2,12,10.40158828,-0.659007883,433.66,-1.549352083,56.3476,39.70384,0.384474262,0.801078562,0.976499984,-6.488313034,1.41919774,0.332853802,0.086343938,0.661883078,1.523685886,1.694960363,0.766606954,1.531542592,0.863393001,0.994870071,-0.429266449,-0.07018792,-0.251514741,0.004669658,2,0.898950748,0.434396016,0.390500623,0.500545632,0.867844984,0.994870071,0.903586081
B4,B4A14,2,13,10.44274379,-0.63677245,405.7,-1.549352083,42.685,15.926,0.416801743,0.368537921,0.57075186,-5.076215651,2.680208464,-0.23634817,1.916556634,0.973206973,0.821812339,1.182744285,1.092562728,0.864006645,0.890756154,0.951164373,0.252932849,0.01159762,-0.117616635,-0.005369393,2,0.694835181,1.184220444,0.822838026,1.264530469,0.936490241,0.951164373,0.730510099
B4,B4A14,2,14,10.50580274,-0.40832675,433.38,-1.549352083,33.123,19.6053,0.154554572,0.206984971,0.781433157,-4.040057928,1.689492127,0.255144092,0.434348035,1.248049756,0.934609315,1.150011989,1.271570526,0.943942308,0.981502583,0.990112751,0.35183499,-0.004749987,-0.029142597,0.011825923,2,0.81269528,1.335370551,1.085249343,1.347085003,0.991303851,0.990112751,0.820810841
B4,B4A14,2,15,10.3969538,-0.071427333,478.2,-0.440715583,45.839,49.0463,0.174963519,0.172186999,0.879032021,2.985292975,0.934606688,-0.009407935,-0.055985378,0.877895017,1.158155173,1.100436745,0.898792225,1.161303579,0.976749678,0.997288903,-0.225990214,-5.86E-05,-0.036195281,-0.004570683,2,1.052450472,0.758011567,0.797769631,0.773951137,0.97940494,0.997288903,1.055311524
B4,B4A15,2,1,9.781826021,0.518395017,524.6,-0.623814083,241.8428333,87.75875,0.695979103,0.893909169,0.336287344,0.113642241,2.755768893,0.300340913,1.45542798,0.595516519,0.552967273,0.651801602,0.958593785,0.653096541,0.621239703,0.84668535,0.466476845,0.001290514,-0.508177087,0.046538986,2,0.848367466,1.076947131,0.913646909,1.467767359,0.73373149,0.84668535,1.001986708
B4,B4A15,2,2,9.743528589,0.481813883,543.3,-0.623814083,171.4461667,76.0341,0.824581231,0.93553254,0.801896754,-0.130593313,2.254858894,0.13656557,1.118293325,0.578760296,0.647779353,0.681067071,1.001277797,0.679349508,0.578021702,0.953528847,0.475463559,-0.00158629,-0.634023776,0.001492698,2,0.951124172,0.89345283,0.849784583,1.473877268,0.60619215,0.953528847,0.99747813
B4,B4A15,2,3,9.733660157,0.201212317,553.4,-0.623814083,120.7161667,53.96035,0.994321826,0.954447233,0.359030751,-1.660542704,2.237127199,-0.096210748,1.333337948,0.343905003,0.352939965,0.458889644,0.793585062,0.428116258,0.433356196,0.824402153,0.807282912,0.04638428,-0.740755715,0.017075374,2,0.769117301,0.974400854,0.749428555,1.853667191,0.525661164,0.824402153,0.932939462
B4,B4A15,2,4,9.519113581,0.1530159,594.28,-0.623814083,104.7968333,54.36285,0.984746629,0.990111564,-0.277421593,0.437147427,1.927728832,-0.059910081,0.987638913,0.502876279,0.337711229,0.526417678,0.824383579,0.534458968,0.610002784,0.631874941,0.576184373,-0.033720631,-0.058677878,-0.00935333,2,0.641527143,1.489071833,0.955279999,1.542463742,0.965385307,0.631874941,1.015275493
B4,B4A15,2,5,9.507727826,0.469598267,593.18,-0.623814083,115.5923333,40.47185,0.999781371,0.992534767,0.004605472,0.399537529,2.856116865,-0.024708395,1.880825259,0.648701729,0.58787279,0.800349712,0.793734687,0.810221698,0.817277787,0.725570288,-0.010251342,-0.010097423,0.314226056,-0.045463331,2,0.7345199,1.103472961,0.810522849,0.979651235,1.126393681,0.725570288,1.01233459
B4,B4A15,2,6,9.336048779,0.484303917,549.74,-0.550285833,113.0713333,39.45085,0.999663883,0.943642512,-0.337876687,1.091584023,2.866131739,-0.258071514,2.124203254,0.665996362,0.565603094,0.835024335,0.809552415,0.862693803,0.822672318,0.655624385,-0.027032821,-0.03456654,0.80376269,-0.229259402,2,0.677349234,1.177497736,0.797577189,0.938400639,1.254792129,0.655624385,1.033136121
B4,B4A15,2,7,9.195238759,0.102059667,540.84,-0.550285833,114.2867,35.441,0.999930883,0.98158217,-0.188386555,1.026488919,3.224703028,-0.089286871,2.313989899,0.655715716,0.612285185,0.852065442,0.812613603,0.881028759,0.806921904,0.694966173,-0.042761121,-0.034892594,0.507882611,-0.159740495,2,0.718589389,1.070931865,0.769560275,0.922346285,1.161095223,0.694966173,1.033991893
B4,B4A15,2,8,9.413262924,0.1212659,533.94,-0.550285833,106.1879,36.61757,0.996455884,0.97810974,-0.142527508,1.087484287,2.899916625,-0.053877327,1.953793952,0.763396244,0.618179989,0.840618835,0.886182431,0.870317264,0.861443669,0.710292688,0.038593133,-0.020363957,0.620426103,-0.149539881,2,0.735386792,1.234909344,0.908136021,1.018229176,1.212800982,0.710292688,1.035329245
B4,B4A15,2,9,9.874044512,-0.23300125,489.06,-1.2581535,117.7779,37.21057,0.943118275,0.891559168,0.590848973,1.296070626,3.165173229,-0.147404249,2.312577478,0.630413786,0.603241283,0.620701668,0.796906029,0.65553238,0.791076693,0.9202311,0.230075545,-0.014413201,-0.204158717,-0.056843109,2,0.971869924,1.04504417,1.015646997,1.215662343,0.85965003,0.9202311,1.05611506
B4,B4A15,2,10,9.902422496,-0.753896933,465.3,-1.549352083,71.7499,41.48457,0.783256492,0.915652286,0.054820049,1.733531969,1.729556315,0.12921451,0.600341804,0.581498713,0.390723206,0.431834201,0.906666512,0.473621593,0.641358985,0.824969157,0.863416975,0.050909833,-0.239337056,-0.156259484,2,0.904799122,1.488262547,1.346578645,1.914326809,0.777433895,0.824969157,1.096767212
B4,B4A15,2,11,10.07977113,-0.66072695,479.18,-1.549352083,68.2549,43.82757,0.461163626,0.985736948,0.832658614,-0.556791154,1.557350773,0.148203938,0.409146834,0.577097955,0.469140431,0.502758567,0.803428431,0.490054437,0.718294167,0.957323097,0.762182568,-0.122714848,-0.470292174,0.033265224,2,0.933132645,1.230117714,1.147862996,1.639467721,0.7503153,0.957323097,0.974731151
B4,B4A15,2,12,10.40158828,-0.659007883,433.66,-1.549352083,58.6742,39.66657,0.474523906,0.990928255,0.89588859,-0.224590802,1.479185117,0.11486283,0.364322288,0.610387473,0.643713832,0.666789911,0.869222285,0.661127945,0.702222532,0.973659996,0.367082796,-0.052326263,-0.49706419,0.017221692,2,0.965392279,0.94822799,0.91541198,1.314756533,0.721219455,0.973659996,0.99150862
B4,B4A15,2,13,10.44274379,-0.63677245,405.7,-1.549352083,50.136,34.975,0.11832915,0.999998344,0.843020997,0.000592351,1.433481058,0.002099468,0.43138159,0.888842427,0.703078602,0.732383395,0.893777825,0.732400331,0.994478048,0.959964888,0.205591887,0.014748666,-0.006554144,0.079751774,2,0.959987087,1.264214875,1.213629956,1.220340553,1.035952523,0.959964888,1.000023125
B4,B4A15,2,14,10.50580274,-0.40832675,433.38,-1.549352083,31.101,31.255,0.390391778,0.99999994,0.867880677,-0.000356342,0.995072788,0.000242506,-0.005169718,1.120210194,0.843830734,0.873112608,1.283902551,0.873101207,0.872504064,0.96647528,0.508888313,-0.038380036,-0.230677965,0.045670097,2,0.96646266,1.327529502,1.283007694,1.470508276,0.902769147,0.96647528,0.999986942
B4,B4A15,2,15,10.3969538,-0.071427333,478.2,-0.440715583,29.323,36.072,0.387489477,0.99735409,0.815663918,0.078635618,0.812901974,-0.044892926,-0.1422051,1.235449015,0.767243069,0.802617807,1.40328271,0.80479777,0.880399228,0.953336475,0.78430402,-0.040657651,-0.21196338,0.064802057,2,0.955925799,1.610244608,1.539274364,1.743646369,0.923492651,0.953336475,1.002716066
B4,B4A16,6,1,9.781826021,0.518395017,524.6,-0.623814083,182.8179291,179.3172781,0.244723116,0.962426052,-0.034151233,-0.650260998,1.019522106,-0.004063758,0.023585864,0.549449697,0.276147963,0.565726021,0.610377816,0.547594444,0.900179663,0.504292849,0.346240136,-0.231587088,0.084542724,2.101802106,8,0.488130212,1.989693105,0.971229317,1.114653048,1.785033566,0.504292849,0.967949898
B4,B4A16,6,2,9.743528589,0.481813883,543.3,-0.623814083,146.0439291,171.6837156,0.242808941,0.958752789,0.125281781,-0.260055144,0.850656852,-0.195925064,0.046581916,0.427342129,0.350624265,0.604948967,0.499189051,0.597375297,0.856072721,0.586941353,-0.098008601,-0.066354149,-0.368204069,1.495519545,8,0.57959313,1.218803636,0.706410214,0.83563725,1.458531959,0.586941353,0.987480482
B4,B4A16,6,3,9.733660157,0.201212317,553.4,-0.623814083,157.6555333,146.279925,0.266179244,0.951880218,0.305354494,-0.583459106,1.077766025,-0.53711047,0.614876495,0.464171557,0.374369033,0.659340485,0.52336005,0.639397246,0.886906741,0.585503043,-0.030119099,-0.151359936,-0.492458525,1.787008907,8,0.567793184,1.239877008,0.703993714,0.818520965,1.514777338,0.585503043,0.969752746
B4,B4A16,6,4,9.519113581,0.1530159,594.28,-0.623814083,190.5707,128.485425,0.23389008,0.927497386,0.264603808,-2.50876582,1.483208699,-0.719737734,1.202946432,0.270749397,0.34875375,0.729636863,0.351388572,0.632008442,0.770512812,0.551818183,-0.31890314,-0.12510971,-1.116564019,2.06626368,8,0.477982635,0.776334009,0.371074175,0.55598715,1.396316462,0.551818183,0.866195877
B4,B4A16,6,5,9.507727826,0.469598267,593.18,-0.623814083,212.899,101.8908125,0.320202095,0.865630253,0.02977178,-0.119423245,2.089481817,-1.490311789,2.579793606,0.193783871,0.180836073,0.52190272,0.359854422,0.516042366,0.538506295,0.350428734,-0.123609952,-0.179055012,-2.802857342,4.164325792,8,0.346493832,1.071599642,0.371302666,0.697335036,1.536707015,0.350428734,0.988771176
B4,B4A16,6,6,9.336048779,0.484303917,549.74,-0.550285833,185.8443333,106.5255625,0.312323414,0.836928576,-0.068089883,-0.034534414,1.74459847,-1.908498186,2.653096656,0.350591366,0.240889093,0.556182422,0.504644402,0.554561477,0.694729526,0.434377616,0.099798247,-0.189810045,0.390834242,1.167142775,8,0.433111661,1.455405732,0.630353193,0.909988202,1.599367693,0.434377616,0.997085588
B4,B4A16,6,7,9.195238759,0.102059667,540.84,-0.550285833,205.6079333,110.8506625,0.343157394,0.806342588,-0.054494989,0.112898203,1.854819166,-2.033559879,2.888379045,0.30478973,0.226009666,0.467716729,0.447661838,0.472809084,0.68084814,0.478014643,0.043662856,-0.096849749,0.232549796,0.796151517,8,0.483219119,1.348569448,0.651654541,0.946813107,1.424324862,0.478014643,1.010887692
B4,B4A16,6,8,9.413262924,0.1212659,533.94,-0.550285833,205.4379,115.8012124,0.377733037,0.770224754,-0.069666429,-1.69580321,1.774056556,-1.923818393,2.697874948,0.304625206,0.225452751,0.511314301,0.430798103,0.438093858,0.707118262,0.514622031,-0.02771819,0.011064782,0.949813992,-0.061790658,8,0.44092792,1.351170939,0.595768992,0.983346592,1.374053614,0.514622031,0.856799541
B4,B4A16,6,9,9.874044512,-0.23300125,489.06,-1.2581535,216.6299,103.2263374,0.520446036,0.759137625,-0.060695344,-1.929999647,2.098591363,-1.991649836,3.090241198,0.328138776,0.374188364,0.656818234,0.493734738,0.563334357,0.664605406,0.664238492,0.161147071,-0.284696466,0.278507495,-0.277402423,8,0.569698502,0.876934742,0.499588409,0.876450605,1.000552384,0.664238492,0.857671617
B4,B4A16,6,10,9.902422496,-0.753896933,465.3,-1.549352083,196.8029,98.62208738,0.561954322,0.731110173,-0.00066077,-5.523011927,1.995525599,-1.489942432,2.485468031,0.388392708,0.446232394,0.896081726,0.60081798,0.616072852,0.646439888,0.724317575,0.254625304,-0.279386778,-0.028046194,-0.175430942,8,0.497981804,0.870382143,0.43343447,0.975238525,0.892481296,0.724317575,0.687518598
B4,B4A16,6,11,10.07977113,-0.66072695,479.18,-1.549352083,238.6949,82.82896238,0.649139822,0.713764711,-0.026517428,-5.220349105,2.881780638,-1.54430389,3.426084527,0.260450143,0.454768523,0.994137196,0.60749856,0.679008951,0.428725532,0.669753354,0.07226784,-0.177583669,-0.584785857,-0.005454766,8,0.457450465,0.572709258,0.261986117,0.894684171,0.640124501,0.669753354,0.683013324
B4,B4A16,6,12,10.40158828,-0.659007883,433.66,-1.549352083,246.4443,63.49067488,0.726488427,0.637260573,0.044291094,-3.179877444,3.881582618,-58.45492242,61.33650503,0.261878124,0.640470582,1.023354647,0.712411774,0.772933822,0.367593761,0.828622793,-0.138119394,0.059817674,-0.490292755,-0.312908414,8,0.625853983,0.408883922,0.255901631,0.92169828,0.443620142,0.828622793,0.755294192
B4,B4A16,6,13,10.44274379,-0.63677245,405.7,-1.549352083,243.546,42.6975,0.747091374,0.719641257,0.139307085,-3.047024993,5.703987353,-66.41525691,71.11924427,0.269998417,0.441165336,1.04742477,0.714851946,0.690609384,0.377698373,0.638805881,-0.233871933,0.268975079,-0.593899574,-0.056515726,8,0.421190474,0.612011858,0.257773565,1.035103146,0.591256882,0.638805881,0.659340321
B4,B4A16,6,14,10.50580274,-0.40832675,433.38,-1.549352083,217.609,38.2765,0.756815973,0.758572031,0.07764829,-2.251818101,5.685185427,-19.13117944,23.81636487,0.336046686,0.486261589,1.071353752,0.817306691,0.777202236,0.411163508,0.625656447,-0.306920164,0.358521219,-0.247870663,-0.320255119,8,0.453875845,0.691082112,0.313665478,1.051601054,0.657171376,0.625656447,0.725439412
B4,B4A16,6,15,10.3969538,-0.071427333,478.2,-0.440715583,303.975,34.331875,0.714682722,0.76284694,0.204639514,-1.433193444,8.854016858,-7.911084396,15.76510125,0.53197743,0.50531962,0.900840808,0.999206709,0.692114451,0.532399778,0.730109911,0.182877551,0.260824004,-0.148629188,-0.31963092,8,0.560942195,1.052754353,0.590534338,1.443701556,0.729204972,0.730109911,0.768298288
B4,B4A18,10,1,9.781826021,0.518395017,524.6,-0.623814083,375.7182777,165.9569094,0.762634152,0.973360451,0.70218848,-1.125694406,2.2639508,0.126991352,1.136959448,0.187493546,0.518084833,0.647753139,0.833027971,0.586705668,0.225074731,0.883040443,0.494436239,-0.074596587,-0.966793861,0.031760782,16,0.799818328,0.361897385,0.289452161,1.419839652,0.254886095,0.883040443,0.905755036
B4,B4A18,10,2,9.743528589,0.481813883,543.3,-0.623814083,393.580811,121.5220031,0.713657223,0.949867145,0.727559245,-0.631992975,3.238761713,0.449543321,1.789218392,0.259813417,0.603802877,0.691576309,0.748842265,0.644770491,0.346953462,0.936461711,0.290997545,-0.129588523,-0.879436504,0.016702321,16,0.873082073,0.430295095,0.375682934,1.161409022,0.370494018,0.936461711,0.932320096
B4,B4A18,10,3,9.733660157,0.201212317,553.4,-0.623814083,396.0414333,85.25850313,0.730779914,0.938845011,0.256278048,-0.323240841,4.645183985,0.592927489,3.052256497,0.255761938,0.305554384,0.531441321,0.680915759,0.497319592,0.375614656,0.614402467,0.390274995,-0.021103601,-0.502827773,-0.123423987,16,0.574954133,0.837042279,0.481260918,1.369171394,0.611349524,0.614402467,0.935793985
B4,B4A18,10,4,9.519113581,0.1530159,594.28,-0.623814083,369.8702667,74.61340938,0.735927831,0.93549713,0.377121587,-0.291700122,4.95715542,0.619178264,3.337977156,0.392457799,0.398012883,0.611488832,0.752056143,0.576303453,0.521846411,0.690630745,0.304276999,0.000688535,-0.228033034,-0.201022871,16,0.6508915,0.986042954,0.641806978,1.304965534,0.755608427,0.690630745,0.94245949
B4,B4A18,10,5,9.507727826,0.469598267,593.18,-0.623814083,330.8342667,61.06571875,0.722033831,0.932735519,0.293011704,-0.605640595,5.4176758,0.228064196,4.189611604,0.459939177,0.390067024,0.713744428,0.707809942,0.624483784,0.649806042,0.624623143,0.189871849,-0.056439789,-0.179245689,0.261505041,16,0.546507978,1.179128581,0.644403177,1.13343206,1.040316948,0.624623143,0.874940329
B4,B4A18,10,6,9.336048779,0.484303917,549.74,-0.550285833,295.2442,51.56703125,0.747865583,0.914031896,-0.034479581,-0.562448344,5.725444976,-0.986185919,5.711630895,0.565362197,0.16192395,0.713764439,0.979418218,0.615600264,0.577242884,0.263034244,0.841517039,-0.250519964,1.960618007,1.855449768,16,0.226859089,3.491529181,0.792085128,1.590997075,2.194554118,0.263034244,0.862469787
B4,B4A18,10,7,9.195238759,0.102059667,540.84,-0.550285833,224.5174667,50.8232375,0.753280252,0.917667091,-0.004221592,-0.678999439,4.417614416,-1.019297919,4.436912336,0.383539467,0.169303077,0.662109435,0.93191487,0.541869261,0.411560625,0.312442668,0.959414461,-0.239599485,-1.109207262,1.84431706,16,0.25570256,2.265401624,0.579268994,1.719814976,1.317235665,0.312442668,0.818398337
B4,B4A18,10,8,9.413262924,0.1212659,533.94,-0.550285833,177.8432,47.8734825,0.723629413,0.891590543,-0.074629662,-1.056491699,3.71485822,-0.656210859,3.371069079,0.213806725,0.082788588,0.721154224,0.813110593,0.522538522,0.262949132,0.158435378,0.655839477,-0.099761678,0.599936042,1.154540997,16,0.114800115,2.582562761,0.296478503,1.556077798,1.659661724,0.158435378,0.724586372
B4,B4A18,10,9,9.874044512,-0.23300125,489.06,-1.2581535,177.1872,43.97267,0.770168124,0.866581338,-0.075630434,-0.967271976,4.029484678,-0.552957091,3.582441768,0.217842902,0.241879238,0.740681505,0.932697809,0.54270745,0.233562147,0.445689916,0.773085013,-0.054483567,-0.145727556,-0.579647931,16,0.326563086,0.90062671,0.294111438,1.718601446,0.524046289,0.445689916,0.732713652
B4,B4A18,10,10,9.902422496,-0.753896933,465.3,-1.549352083,155.9962,40.2236075,0.731507854,0.843640196,0.062007453,-1.297237372,3.878224995,-0.547148466,3.425373461,0.188214672,0.342784213,0.985748004,0.992128892,0.69549218,0.189707884,0.492865661,0.315352593,0.111160775,-0.969661549,0.117815635,16,0.347740205,0.549076256,0.19093589,1.426513368,0.384907894,0.492865661,0.705547642
B4,B4A18,10,11,10.07977113,-0.66072695,479.18,-1.549352083,153.5992,39.196795,0.725050258,0.82601066,0.107896953,-1.47368719,3.91866733,-2.788812029,5.707479359,0.184143798,0.32394787,1.022958405,0.904338359,0.68458419,0.203622677,0.473203843,0.08644215,0.234561711,-0.874772704,0.059936366,16,0.316677461,0.568436514,0.180011032,1.321003861,0.430306474,0.473203843,0.669219968
B4,B4A18,10,12,10.40158828,-0.659007883,433.66,-1.549352083,133.0104,37.1018075,0.707512546,0.803896192,0.02593465,-1.505687776,3.585011323,-2.199865483,4.784876806,0.183829522,0.321443744,1.10429666,0.70634628,0.739053269,0.260254109,0.434939885,-0.492747634,0.448492382,-0.44561894,-0.196336796,16,0.291084593,0.571887074,0.166467516,0.955744748,0.598368001,0.434939885,0.669252471
B4,B4A18,10,13,10.44274379,-0.63677245,405.7,-1.549352083,221.584,36.2325625,0.667248406,0.864018333,0.026112201,-1.272713962,6.115603885,-0.718780501,5.834384386,0.907197439,0.300104625,1.074501428,1.12202125,0.758365199,0.808538553,0.395725734,0.34000311,0.139523181,1.384177984,1.790402896,16,0.279296628,3.022937212,0.844296169,1.479526291,2.043179111,0.395725734,0.705783333
B4,B4A18,10,14,10.50580274,-0.40832675,433.38,-1.549352083,205.94,37.3135125,0.661828119,0.857012568,0.03965926,-1.233470251,5.519180217,-1.673064109,6.192244325,1.023995502,0.263833141,1.035670248,1.278908436,0.738157858,0.800679293,0.357421028,0.690690573,0.041877091,2.725957096,1.292347218,16,0.254746278,3.881223939,0.988727353,1.732567664,2.240157207,0.357421028,0.712734444
B4,B4A18,10,15,10.3969538,-0.071427333,478.2,-0.440715583,209.83,42.8495125,0.699606392,0.888187156,-0.03032202,-0.84693952,4.896905186,-0.147942751,4.044847938,0.996991471,0.199363912,0.85950506,1.367165316,0.681616089,0.72923988,0.292487099,1.080308247,-0.074537936,1.348252441,3.867982111,16,0.231951994,5.000862288,1.159959978,2.005770311,2.493237765,0.292487099,0.793033248
B4,B4A20,12,1,9.781826021,0.518395017,524.6,-0.623814083,852.1753469,218.3448188,0.799252344,0.938642776,0.286179004,-1.239597614,3.902887881,0.702905999,2.199981882,0.207027388,0.400385339,0.636002911,0.80014991,0.573553187,0.258735751,0.698078832,0.461664952,-0.066589606,-1.069244953,0.206618764,16,0.629533815,0.517070352,0.325513271,1.395075346,0.370639732,0.698078832,0.901809059
B4,B4A20,12,2,9.743528589,0.481813883,543.3,-0.623814083,724.2326802,169.1415406,0.73941068,0.930658427,0.429065886,-1.1107293,4.281814376,0.661402522,2.620411854,0.269939768,0.480635291,0.696805161,0.720688657,0.624569669,0.374558092,0.76954632,0.22285619,-0.068959848,-1.108259601,0.34516166,16,0.689769993,0.561631186,0.387396339,1.153896342,0.486725857,0.76954632,0.8963333
B4,B4A20,12,3,9.733660157,0.201212317,553.4,-0.623814083,684.1893,137.2016344,0.740877015,0.912662566,0.195309077,-0.380792044,4.986743074,0.072200872,3.914542202,0.324179865,0.268482238,0.567169483,0.721499513,0.536639872,0.449314046,0.500302442,0.366898195,-0.022422037,-1.469739925,1.276296331,16,0.473372152,1.207453674,0.571574944,1.344476157,0.898084855,0.500302442,0.946171979
B4,B4A20,12,4,9.519113581,0.1530159,594.28,-0.623814083,574.2554667,121.2188219,0.720220916,0.911536911,0.217762609,-0.56873221,4.737345717,-0.309043138,4.046388855,0.37328965,0.337317828,0.628977975,0.649071979,0.57736838,0.575112872,0.584233289,0.054668381,0.069521999,-0.256316423,0.225338293,16,0.536295134,1.106640739,0.593486043,1.12419038,0.984389085,0.584233289,0.917946896
B4,B4A20,12,5,9.507727826,0.469598267,593.18,-0.623814083,501.5126667,107.3228,0.688488514,0.910619328,0.024824228,-0.555076037,4.672936847,-0.033488664,3.706425512,0.217153194,0.257632858,0.654396952,0.763622825,0.597504694,0.284372319,0.431181313,0.214056947,0.063962845,-0.755670807,0.190636275,16,0.393695077,0.842878487,0.331837111,1.278019792,0.659519119,0.431181313,0.913061548
B4,B4A20,12,6,9.336048779,0.484303917,549.74,-0.550285833,523.5576667,104.5428781,0.660693956,0.902958875,-0.017945882,-0.345157025,5.008066318,1.019567691,2.988498627,0.288868301,0.241250963,0.670359651,0.800470637,0.634042234,0.360873076,0.380496677,0.117137055,0.145350828,-0.676198452,0.575710999,16,0.359882882,1.197376778,0.430915406,1.262487882,0.948426353,0.380496677,0.945823982
B4,B4A20,12,7,9.195238759,0.102059667,540.84,-0.550285833,588.4938333,104.9160313,0.625947142,0.900657463,-0.023785509,-0.327446717,5.609188856,1.701426741,2.907762115,0.301075538,0.236006239,0.646907226,0.710573811,0.612575829,0.42370762,0.385268611,0.073850157,0.086126742,-0.654925713,0.864424103,16,0.364822387,1.275710081,0.465407598,1.159976899,1.099771972,0.385268611,0.946929953
B4,B4A20,12,8,9.413262924,0.1212659,533.94,-0.550285833,609.9847,92.41616438,0.637269694,0.895980657,-0.048271442,-1.094159559,6.600411347,1.809473481,3.790937866,0.277490443,0.195439243,0.775439412,0.733673153,0.645205104,0.378220795,0.302910256,0.035599295,0.101516868,-2.209252952,2.768313029,16,0.252036769,1.419829705,0.357849291,1.137116163,1.248623273,0.302910256,0.832050957
B4,B4A20,12,9,9.874044512,-0.23300125,489.06,-1.2581535,646.3627,85.27285188,0.638761832,0.872218741,0.052151077,-1.265737256,7.579935299,1.862726742,4.717208557,0.177045446,0.327234084,0.855332647,0.68273896,0.692055478,0.259316453,0.472843716,-0.053198691,0.039736594,-1.647960643,0.948723985,16,0.382581076,0.541036079,0.206990165,0.986537904,0.548418948,0.472843716,0.80910682
B4,B4A20,12,10,9.902422496,-0.753896933,465.3,-1.549352083,614.4897,67.93710188,0.63704967,0.832752161,0.295239002,-1.788900246,9.044979592,0.974629913,7.070349679,0.264275989,0.550381499,1.103298994,0.514321612,0.813650154,0.513834112,0.67643507,-0.392938939,0.025055346,-0.711784027,0.288807703,16,0.498850721,0.480168736,0.23953252,0.632116407,0.759620745,0.67643507,0.737470222
B4,B4A20,12,11,10.07977113,-0.66072695,479.18,-1.549352083,558.8987,60.66071438,0.585929571,0.817034213,0.231867255,-1.311986135,9.213519916,-2.493624047,10.70714396,0.25656863,0.455050915,1.119499666,0.544406405,0.881588727,0.471281432,0.516171432,-0.298952332,-0.083518895,0.106137486,-0.272508646,16,0.406477045,0.563824006,0.229181516,0.617528773,0.91303277,0.516171432,0.787484583
B4,B4A20,12,12,10.40158828,-0.659007883,433.66,-1.549352083,472.7412,57.04065188,0.544207672,0.780657616,0.125986928,-1.157994564,8.287794484,-2.735387487,10.02318197,0.231968058,0.444681323,1.092703037,0.588388184,0.869389666,0.394243231,0.511486782,-0.193037782,-0.130179176,0.020030338,-0.425930192,16,0.406955328,0.521650104,0.212288289,0.676783042,0.770778922,0.511486782,0.79563215
B4,B4A20,12,13,10.44274379,-0.63677245,405.7,-1.549352083,507.154,53.7091125,0.538117327,0.781682049,0.102887157,-1.347009874,9.442606224,0.707515622,7.735090602,0.336132282,0.431055637,1.094478886,0.712265758,0.81860189,0.471919756,0.526575423,0.000225515,-0.130125206,-0.081481525,-0.115334293,16,0.393845548,0.779788625,0.307116278,0.870100309,0.896205435,0.526575423,0.747937581
B4,B4A20,12,14,10.50580274,-0.40832675,433.38,-1.549352083,481.4239,57.218525,0.503076061,0.752358024,0.138683765,-1.779457036,8.413776832,-0.312343883,7.726120715,0.358201701,0.401166118,1.069326604,0.754510536,0.72723412,0.474747116,0.551632696,-0.020265854,0.057772918,-0.332042269,0.072712126,16,0.375157708,0.892901181,0.334978761,1.037507064,0.860621785,0.551632696,0.680086062
B4,B4A20,12,15,10.3969538,-0.071427333,478.2,-0.440715583,499.6159,63.7150875,0.548642676,0.765717848,-0.023789941,-2.001613057,7.84140648,-4.7073844,11.54879088,0.328688244,0.169580554,0.962624574,0.817869633,0.617058955,0.401883419,0.274820668,-0.12202116,0.447453075,-3.063817122,4.202278416,16,0.176164788,1.938242539,0.341450087,1.325431916,1.46234787,0.274820668,0.641017248
B4,B4A21,2,1,9.781826021,0.518395017,524.6,-0.623814083,787.5466666,534.475,0.220198436,0.875280549,0.935807075,-59.00589335,1.473495798,0.377058171,0.096437627,0.372051426,0.432735184,0.55017815,0.428469651,0.439778425,0.868326206,0.983984571,0.292747763,-0.318462471,-0.241360649,0.020094833,2,0.786536478,0.859766988,0.676238099,0.974285292,0.882459169,0.983984571,0.799338222
B4,B4A21,2,2,9.743528589,0.481813883,543.3,-0.623814083,672.3626666,397.4595,0.133300311,0.808995688,0.843309432,-74.07483177,1.691650763,0.523762916,0.167887848,0.440089831,0.574138593,0.784373709,0.499620162,0.598002943,0.880848822,0.960093257,0.120568626,-0.285087516,-0.219740713,0.06147674,2,0.731970725,0.766521946,0.561071625,0.83548111,0.917461731,0.960093257,0.762395444
B4,B4A21,2,3,9.733660157,0.201212317,553.4,-0.623814083,567.6543333,303.482,0.152108643,0.609363483,0.634872331,-77.29403611,1.870471176,0.657692048,0.212779128,0.402155398,0.402616918,0.696136161,0.473411566,0.441445484,0.849483677,0.912042218,0.283107497,-0.210695197,-0.260665822,0.128187212,2,0.578359437,0.998853699,0.577696463,1.072412299,0.931408283,0.912042218,0.634136694
B4,B4A21,2,4,9.519113581,0.1530159,594.28,-0.623814083,511.8743333,271.1945,0.165013678,0.720066493,-0.418481905,-65.31240767,1.887480511,0.622561778,0.264918733,0.466860246,0.332245365,0.835695683,0.537884692,0.594863337,0.867956,0.558523857,0.139326159,-0.235110587,-0.040684955,1.455656194,2,0.397567406,1.405167069,0.558648627,0.904215571,1.554017773,0.558523857,0.711818128
B4,B4A21,2,5,9.507727826,0.469598267,593.18,-0.623814083,576.9243333,214.014,0.019346238,0.762281369,-0.180353051,-59.73433815,2.695731743,0.957105232,0.738626511,0.388645803,0.451398856,0.981961081,0.393628072,0.702846919,0.987342697,0.642243487,-0.127594164,-0.312357749,-0.00187233,1.36526791,2,0.459691189,0.86098092,0.395785342,0.560048087,1.53733392,0.642243487,0.715758428
B4,B4A21,2,6,9.336048779,0.484303917,549.74,-0.550285833,536.9426667,187.2335,0.020582048,0.853061059,-0.161187595,-34.64386884,2.86777028,0.874829393,0.992940887,0.285101778,0.479238303,0.924988669,0.290247463,0.739958379,0.982271384,0.647655756,-0.296200363,-0.311551273,-0.000857308,1.301104582,2,0.51810181,0.594906074,0.308221914,0.392248364,1.516656611,0.647655756,0.799964803
B4,B4A21,2,7,9.195238759,0.102059667,540.84,-0.550285833,602.3266667,172.599,0.046531962,0.910706676,-0.026660997,-14.04160379,3.489745982,0.886977865,1.602768116,0.279406301,0.616022899,0.958400127,0.284489154,0.877046215,0.982133401,0.702383624,-0.504698527,-0.170929565,0.036596151,0.918608436,2,0.642761704,0.453564796,0.291534081,0.324371908,1.398286304,0.702383624,0.915114878
B4,B4A21,2,8,9.413262924,0.1212659,533.94,-0.550285833,587.879,141.93102,0.046329785,0.95297087,0.384656767,-16.15635312,4.142005039,0.827294946,2.314710093,0.310373541,0.640418967,0.868385365,0.31589447,0.754552934,0.98252287,0.848739616,-0.14420878,-0.437140049,-0.007398735,0.347496208,2,0.73748245,0.484641394,0.357414523,0.418651172,1.157625792,0.848739616,0.868914843
B4,B4A21,2,9,9.874044512,-0.23300125,489.06,-1.2581535,606.779,116.16102,0.045113736,0.898222482,-0.200337674,-12.75814668,5.223602548,1.391610701,2.831991847,0.258085372,0.38293453,0.714251674,0.263834794,0.604420109,0.978208249,0.6335569,-0.260449115,-0.303041924,0.057225304,1.32669313,2,0.536133892,0.673967353,0.36133674,0.436508961,1.543994312,0.6335569,0.84622848
B4,B4A21,2,10,9.902422496,-0.753896933,465.3,-1.549352083,544.179,110.61902,0.049432234,0.955299253,-0.053630212,-3.172026601,4.919398129,0.962078746,2.957319383,0.343818771,0.450064209,0.68057705,0.348212464,0.651901814,0.987382148,0.690386496,-0.334178587,-0.131672777,0.050663772,0.994772558,2,0.661297951,0.763932711,0.505187136,0.534148636,1.430187515,0.690386496,0.957866289
B4,B4A21,2,11,10.07977113,-0.66072695,479.18,-1.549352083,484.799,151.58402,0.054448867,0.826106639,0.080316363,8.143111352,3.198219707,1.013656848,1.184562859,0.330798827,0.813069442,0.925963945,0.332050332,0.979684062,0.996230978,0.829930254,-0.718850222,0.057786359,0.062187024,0.378723096,2,0.878078943,0.406851874,0.357248064,0.338936137,1.200379157,0.829930254,1.058015345
B4,B4A21,2,12,10.40158828,-0.659007883,433.66,-1.549352083,468.519,186.34502,0.021442875,0.75257769,-0.050944272,-1.750302078,2.514255546,0.90227948,0.611976066,0.26761862,0.606811581,0.770569816,0.273258846,0.761177013,0.9793594,0.797201663,-0.631718528,-0.009286335,-0.009203368,0.518406854,2,0.787484233,0.441024246,0.34729964,0.358995137,1.228496433,0.797201663,0.987810575
B4,B4A21,2,13,10.44274379,-0.63677245,405.7,-1.549352083,474.1,201.029,0,0.745861278,-0.222784191,1.679221726,2.358366206,0.86136589,0.497000316,0.260213662,0.532035835,0.677870039,0.260213662,0.686223171,1,0.775310216,-0.629785788,0.008982634,0,0.663600289,2,0.784864065,0.48909048,0.383869543,0.379196846,1.289806299,0.775310216,1.012322615
B4,B4A21,2,14,10.50580274,-0.40832675,433.38,-1.549352083,476.539,217.1503,0,0.534531161,0.175624839,-4.554944928,2.19451228,0.945065505,0.249446775,0.258351203,0.48674514,0.561753772,0.258351203,0.540777771,1,0.900083485,-0.509767141,-0.012492803,0,0.234338894,2,0.866474183,0.53077305,0.459901145,0.477740057,1.111008053,0.900083485,0.962659795
B4,B4A21,2,15,10.3969538,-0.071427333,478.2,-0.440715583,516.759,263.6203,0,0.763161097,-0.639626644,-68.08817322,1.960239784,0.701019062,0.259220722,0.200387323,0.243276603,0.831387739,0.200387323,0.573106517,1,0.424487588,-0.291494083,-0.358854818,0,4.549706411,2,0.292615096,0.823701584,0.241027518,0.349651098,2.355781486,0.424487588,0.689337225
B4,B4A22,2,1,9.781826021,0.518395017,524.6,-0.623814083,708.9078333,208.300375,0.068447786,0.839229176,0.338858911,3.071241624,3.403296001,1.044404598,1.358891403,0.487513219,0.452004082,0.505172257,0.496982528,0.519916549,0.980946395,0.869378139,-0.075987341,0.031876375,-0.023738532,0.296869611,4,0.894752385,1.078559329,0.965043532,0.955889034,1.128331104,0.869378139,1.029186663
B4,B4A22,2,2,9.743528589,0.481813883,543.3,-0.623814083,534.6805,153.42,0.090184687,0.903354992,0.689396958,-2.812079703,3.485076913,0.892862634,1.592214279,0.349298997,0.498771309,0.557143144,0.360547413,0.538813854,0.96880184,0.925683899,-0.273015599,-0.057834175,-0.052402425,0.147731183,4,0.895230094,0.700318944,0.626946594,0.669150227,1.046579552,0.925683899,0.967101291
B4,B4A22,2,3,9.733660157,0.201212317,553.4,-0.623814083,435.3905,117.6,0.128245572,0.885778338,0.33624874,-5.542953206,3.70230017,0.98293087,1.7193693,0.172523158,0.381629385,0.510572814,0.183927588,0.463438858,0.937995002,0.823472995,-0.454925927,-0.148198445,-0.053209137,0.350694078,4,0.747453398,0.452069901,0.337901184,0.396875628,1.139071965,0.823472995,0.907684165
B4,B4A22,2,4,9.519113581,0.1530159,594.28,-0.623814083,417.177,129.50075,0.241594813,0.805684291,0.179294923,-8.437685074,3.221425359,0.908583992,1.312841367,0.148170844,0.399292425,0.567857222,0.190219897,0.50270173,0.778945033,0.794292921,-0.515946401,-0.105658448,-0.166103699,0.127831655,4,0.703156374,0.371083532,0.260929751,0.37839515,0.980677294,0.794292921,0.885260785
B4,B4A22,2,5,9.507727826,0.469598267,593.18,-0.623814083,398.013,127.1395,0.317175403,0.839659668,-0.060005186,-10.04792279,3.130521986,0.778428662,1.352093324,0.192225083,0.384396528,0.625452873,0.244924855,0.54642218,0.784832892,0.703478999,-0.419605676,-0.132160588,-0.142709056,0.387373027,4,0.614589116,0.500069768,0.307337436,0.448233736,1.115645092,0.703478999,0.87364245
B4,B4A22,2,6,9.336048779,0.484303917,549.74,-0.550285833,390.4676667,163.584125,0.358697679,0.875892835,0.580987528,-1.754236278,2.386953298,0.533077495,0.853875803,0.159770732,0.603559461,0.677201993,0.195491726,0.666478237,0.817276183,0.905595152,-0.688762664,-0.017916841,-0.223852207,0.038311735,4,0.891254702,0.264714154,0.235927735,0.293320495,0.902474115,0.905595152,0.984164612
B4,B4A22,2,7,9.195238759,0.102059667,540.84,-0.550285833,400.3603,181.57075,0.372984188,0.852153991,0.47965649,-6.696893486,2.204982355,0.503008009,0.701974346,0.160544357,0.459450998,0.561788838,0.193951105,0.524905731,0.827756859,0.875301927,-0.565516587,-0.06498639,-0.202027106,0.096340648,4,0.817835753,0.349426507,0.28577349,0.369497023,0.945681523,0.875301927,0.934347027
B4,B4A22,2,8,9.413262924,0.1212659,533.94,-0.550285833,399.3004,195.18161,0.398074672,0.790114701,0.139980686,-24.22354211,2.045789047,0.470580028,0.575209019,0.163423449,0.352395451,0.586605161,0.193310088,0.462497454,0.845395351,0.761940305,-0.420560074,-0.161469868,-0.111486032,0.342542052,4,0.600737045,0.463750168,0.278591905,0.417970058,1.109529639,0.761940305,0.788430591
B4,B4A22,2,9,9.874044512,-0.23300125,489.06,-1.2581535,388.7444,175.59561,0.405928238,0.823842033,0.327596992,-14.64250179,2.213861725,0.495123651,0.718738074,0.167685369,0.496925741,0.682848939,0.206830938,0.599461309,0.810736393,0.828953819,-0.553184956,-0.101787041,-0.255046328,0.211576477,4,0.727724263,0.337445527,0.245567298,0.345028003,0.978023593,0.828953819,0.877882757
B4,B4A22,2,10,9.902422496,-0.753896933,465.3,-1.549352083,398.5364,163.11811,0.3934862,0.729674518,0.66674044,-23.47764432,2.443238216,0.563116615,0.880121601,0.136946827,0.566652673,0.757800275,0.173917336,0.61386994,0.787424818,0.923082621,-0.616629357,-0.100057639,-0.336768346,0.064442665,4,0.747759919,0.241676839,0.180716254,0.283313003,0.853038287,0.923082621,0.810068246
B4,B4A22,2,11,10.07977113,-0.66072695,479.18,-1.549352083,350.7404,121.81311,0.429616676,0.652282268,-0.497255251,-9.653653988,2.879332118,0.54648283,1.332849288,0.196351748,0.27935967,0.498897839,0.243407562,0.419648126,0.806678915,0.665699792,-0.37469519,-0.045277052,0.005383665,0.463016986,4,0.559953659,0.702863615,0.393571053,0.580027758,1.211775825,0.665699792,0.841150419
B4,B4A22,2,12,10.40158828,-0.659007883,433.66,-1.549352083,337.0241,101.78811,0.489049533,0.609453774,-0.548631553,-6.669662297,3.311036034,0.395128725,1.915907308,0.161747112,0.377351497,0.592077135,0.184635968,0.52655217,0.876032521,0.716645982,-0.633919261,-0.015429885,0.297396053,0.196880964,4,0.637335028,0.428637792,0.273185879,0.350650854,1.222406241,0.716645982,0.889330358
B4,B4A22,2,13,10.44274379,-0.63677245,405.7,-1.549352083,344.374,88.076,0.579018281,0.664914982,0.067529884,-11.94439887,3.909964122,0.313778978,2.596185144,0.170988203,0.260351408,0.478170457,0.210846654,0.342555774,0.810960002,0.760026332,-0.341901143,-0.042588419,0.070232356,0.068290073,4,0.544474055,0.656759279,0.357588388,0.615510438,1.067015665,0.760026332,0.71638841
B4,B4A22,2,14,10.50580274,-0.40832675,433.38,-1.549352083,347.652,95.6621,0.536338135,0.516593685,-0.221308445,-28.29156771,3.634166509,-0.093411357,2.727577866,0.175307335,0.258982583,0.675155582,0.237734929,0.379410792,0.737406724,0.682591504,-0.387273574,0.013863367,0.090614321,0.07644365,4,0.383589486,0.676907819,0.259654723,0.626589793,1.080304573,0.682591504,0.561960534
B4,B4A22,2,15,10.3969538,-0.071427333,478.2,-0.440715583,365.87,103.8646,0.538410934,0.341972845,-0.438306856,-54.78320901,3.52256688,-1.532349776,4.054916657,0.215552578,0.334995457,0.996332664,0.272079568,0.468884342,0.792240962,0.714452215,-0.573058427,0.153328535,0.264280832,-0.034668493,4,0.336228519,0.643449259,0.216345992,0.580270108,1.108878866,0.714452215,0.470610228
